{
  "config": {
    "chem": {
      "irrep_occs_dn": [
        2,
        0,
        0,
        1,
        0,
        1,
        1,
        0,
        1,
        0
      ],
      "irrep_occs_up": [
        2,
        0,
        0,
        1,
        0,
        1,
        1,
        0,
        1,
        0
      ],
      "irreps": [
        1,
        2,
        3,
        4,
        5,
        6,
        7,
        8,
        9,
        10
      ],
      "point_group": "dih"
    },
    "eps_vars": [
      0.0002,
      0.0001,
      5e-05,
      2e-05,
      1.5e-05,
      1e-05
    ],
    "eps_vars_schedule": [
      0.005,
      0.003,
      0.002,
      0.001,
      0.0005,
      0.0003
    ],
    "load_integrals_cache": true,
    "n_dn": 6,
    "n_up": 6,
    "system": "chem",
    "target_error": 1e-05,
    "time_sym": true,
    "var_only": false
  },
  "energy_hf": -2098.592969443262,
  "energy_total": {
    "1.00e-04": {
      "1.00e-10": {
        "uncert": 3.1613139095238455e-06,
        "value": -2099.4599312980513
      }
    },
    "1.00e-05": {
      "1.00e-11": {
        "uncert": 9.050405215542024e-07,
        "value": -2099.460800249549
      }
    },
    "1.50e-05": {
      "1.50e-11": {
        "uncert": 1.1521236255576153e-06,
        "value": -2099.4607314910577
      }
    },
    "2.00e-04": {
      "2.00e-10": {
        "uncert": 3.931982430200336e-06,
        "value": -2099.4593737357245
      }
    },
    "2.00e-05": {
      "2.00e-11": {
        "uncert": 1.4037908094605856e-06,
        "value": -2099.460667079221
      }
    },
    "5.00e-05": {
      "5.00e-11": {
        "uncert": 2.222218952347837e-06,
        "value": -2099.460327920912
      }
    }
  },
  "energy_var": {
    "1.00e-04": -2099.44589207277,
    "1.00e-05": -2099.45797229728,
    "1.50e-05": -2099.456899958029,
    "2.00e-04": -2099.4380775799023,
    "2.00e-05": -2099.4559593776244,
    "5.00e-05": -2099.451512398144
  },
  "n_elecs": 12
}
