{
  "config": {
    "chem": {
      "irrep_occs_dn": [
        2,
        0,
        0,
        1,
        0,
        1,
        1,
        0,
        1,
        0
      ],
      "irrep_occs_up": [
        2,
        0,
        0,
        1,
        0,
        1,
        1,
        0,
        1,
        0
      ],
      "irreps": [
        1,
        2,
        3,
        4,
        5,
        6,
        7,
        8,
        9,
        10
      ],
      "point_group": "dih"
    },
    "eps_vars": [
      0.0002,
      0.0001,
      5e-05,
      2e-05,
      1.5e-05,
      1e-05
    ],
    "eps_vars_schedule": [
      0.005,
      0.002,
      0.001,
      0.0005
    ],
    "load_integrals_cache": true,
    "n_dn": 6,
    "n_up": 6,
    "system": "chem",
    "target_error": 1e-05,
    "time_sym": true,
    "var_only": false
  },
  "energy_hf": -2098.305457347009,
  "energy_total": {
    "1.00e-04": {
      "1.00e-10": {
        "uncert": 3.8062063271408818e-06,
        "value": -2099.5450768783576
      }
    },
    "1.00e-05": {
      "1.00e-11": {
        "uncert": 4.8606666876510065e-06,
        "value": -2099.5504758196926
      }
    },
    "1.50e-05": {
      "1.50e-11": {
        "uncert": 3.5190876865902146e-06,
        "value": -2099.549942084448
      }
    },
    "2.00e-04": {
      "2.00e-10": {
        "uncert": 4.857327433569281e-06,
        "value": -2099.5418417044243
      }
    },
    "2.00e-05": {
      "2.00e-11": {
        "uncert": 2.0910353156885813e-06,
        "value": -2099.5494814320477
      }
    },
    "5.00e-05": {
      "5.00e-11": {
        "uncert": 2.7631102274254102e-06,
        "value": -2099.5474124906896
      }
    }
  },
  "energy_var": {
    "1.00e-04": -2099.5187216365425,
    "1.00e-05": -2099.5434616735224,
    "1.50e-05": -2099.5408790024258,
    "2.00e-04": -2099.5057982384906,
    "2.00e-05": -2099.5387312349676,
    "5.00e-05": -2099.52918163895
  },
  "n_elecs": 12
}
