{
  "config": {
    "chem": {
      "irrep_occs_dn": [
        2,
        0,
        0,
        1,
        0,
        1,
        1,
        0,
        1,
        0
      ],
      "irrep_occs_up": [
        2,
        0,
        0,
        1,
        0,
        1,
        1,
        0,
        1,
        0
      ],
      "irreps": [
        1,
        2,
        3,
        4,
        5,
        6,
        7,
        8,
        9,
        10
      ],
      "point_group": "dih"
    },
    "eps_vars": [
      0.0002,
      0.0001,
      5e-05,
      2e-05,
      1.5e-05,
      1e-05
    ],
    "eps_vars_schedule": [
      0.005,
      0.002,
      0.001,
      0.0005
    ],
    "load_integrals_cache": true,
    "n_dn": 6,
    "n_up": 6,
    "system": "chem",
    "target_error": 1e-05,
    "time_sym": true,
    "var_only": false
  },
  "energy_hf": -2098.305457347009,
  "energy_total": {
    "1.00e-04": {
      "1.00e-10": {
        "uncert": 3.897624682100662e-06,
        "value": -2099.5450795835077
      }
    },
    "1.00e-05": {
      "1.00e-11": {
        "uncert": 1.204785458357146e-06,
        "value": -2099.550471306979
      }
    },
    "1.50e-05": {
      "1.50e-11": {
        "uncert": 1.6002221712301348e-06,
        "value": -2099.54993642055
      }
    },
    "2.00e-04": {
      "2.00e-10": {
        "uncert": 4.792186586123479e-06,
        "value": -2099.5418380969786
      }
    },
    "2.00e-05": {
      "2.00e-11": {
        "uncert": 1.6139264969980772e-06,
        "value": -2099.549481829407
      }
    },
    "5.00e-05": {
      "5.00e-11": {
        "uncert": 2.7886725530045494e-06,
        "value": -2099.5474107952114
      }
    }
  },
  "energy_var": {
    "1.00e-04": -2099.5187218541964,
    "1.00e-05": -2099.543461647249,
    "1.50e-05": -2099.5408790941506,
    "2.00e-04": -2099.5057982385206,
    "2.00e-05": -2099.5387312281387,
    "5.00e-05": -2099.5291811323973
  },
  "n_elecs": 12
}
