{
  "config": {
    "chem": {
      "irrep_occs_dn": [
        2,
        0,
        0,
        1,
        0,
        1,
        1,
        0,
        1,
        0
      ],
      "irrep_occs_up": [
        2,
        0,
        0,
        1,
        0,
        1,
        1,
        0,
        1,
        0
      ],
      "irreps": [
        1,
        2,
        3,
        4,
        5,
        6,
        7,
        8,
        9,
        10
      ],
      "point_group": "dih"
    },
    "eps_vars": [
      0.0002,
      0.0001,
      5e-05,
      2e-05,
      1.5e-05,
      1e-05
    ],
    "eps_vars_schedule": [
      0.005,
      0.003,
      0.002,
      0.001,
      0.0005,
      0.0003
    ],
    "load_integrals_cache": true,
    "n_dn": 6,
    "n_up": 6,
    "system": "chem",
    "target_error": 1e-05,
    "time_sym": true,
    "var_only": false
  },
  "energy_hf": -2097.8663688433153,
  "energy_total": {
    "1.00e-04": {
      "1.00e-10": {
        "uncert": 3.3686967134039287e-06,
        "value": -2099.51743103558
      }
    },
    "1.00e-05": {
      "1.00e-11": {
        "uncert": 7.107049247125501e-07,
        "value": -2099.522321468157
      }
    },
    "1.50e-05": {
      "1.50e-11": {
        "uncert": 1.0641687167785547e-06,
        "value": -2099.5218205635965
      }
    },
    "2.00e-04": {
      "2.00e-10": {
        "uncert": 3.2926893141894176e-06,
        "value": -2099.5150563589204
      }
    },
    "2.00e-05": {
      "2.00e-11": {
        "uncert": 1.4448284293597648e-06,
        "value": -2099.5213818782995
      }
    },
    "5.00e-05": {
      "5.00e-11": {
        "uncert": 2.1649326685238028e-06,
        "value": -2099.519390429172
      }
    }
  },
  "energy_var": {
    "1.00e-04": -2099.5018573408047,
    "1.00e-05": -2099.51854357345,
    "1.50e-05": -2099.516805714001,
    "2.00e-04": -2099.4963200614575,
    "2.00e-05": -2099.515267614801,
    "5.00e-05": -2099.508606547177
  },
  "n_elecs": 12
}
