{
  "config": {
    "chem": {
      "irrep_occs_dn": [
        4,
        2,
        1,
        2,
        1,
        2,
        1,
        0,
        1,
        0
      ],
      "irrep_occs_up": [
        4,
        2,
        1,
        2,
        1,
        2,
        1,
        0,
        1,
        0
      ],
      "irreps": [
        1,
        2,
        3,
        4,
        5,
        6,
        7,
        8,
        9,
        10
      ],
      "point_group": "dih"
    },
    "eps_vars": [
      0.0001,
      5e-05,
      3e-05,
      2e-05,
      1e-05,
      5e-06
    ],
    "eps_vars_schedule": [
      0.005,
      0.005,
      0.005,
      0.003,
      0.003,
      0.003,
      0.002,
      0.002,
      0.002,
      0.001,
      0.001,
      0.001,
      0.0005,
      0.0005,
      0.0005,
      0.0003,
      0.0003,
      0.0003,
      0.0002,
      0.0002,
      0.0002
    ],
    "n_dn": 14,
    "n_up": 14,
    "system": "chem",
    "time_sym": true
  },
  "energy_hf": -2098.319085243594,
  "energy_total": {
    "1.00e-04": {
      "1.00e-10": {
        "uncert": 5.048496373599596e-06,
        "value": -2099.888196832776
      }
    },
    "1.00e-05": {
      "1.00e-11": {
        "uncert": 5.719636857584705e-06,
        "value": -2099.9060966342386
      }
    },
    "2.00e-05": {
      "2.00e-11": {
        "uncert": 3.4507593801039687e-06,
        "value": -2099.9019313035037
      }
    },
    "3.00e-05": {
      "3.00e-11": {
        "uncert": 3.0441295627192327e-06,
        "value": -2099.899043681049
      }
    },
    "5.00e-05": {
      "5.00e-11": {
        "uncert": 3.6544908530062664e-06,
        "value": -2099.894955478479
      }
    },
    "5.00e-06": {
      "5.00e-12": {
        "uncert": 9.561599442416151e-06,
        "value": -2099.9092581802083
      }
    }
  },
  "energy_var": {
    "1.00e-04": -2099.8141901673603,
    "1.00e-05": -2099.8761319659934,
    "2.00e-04": -2099.7901405093126,
    "2.00e-05": -2099.8613006384876,
    "3.00e-05": -2099.85111490388,
    "5.00e-05": -2099.8367738313727,
    "5.00e-06": -2099.8875103255004
  },
  "n_elecs": 28
}
