{
  "config": {
    "chem": {
      "irrep_occs_dn": [
        2,
        0,
        0,
        1,
        0,
        1,
        1,
        0,
        1,
        0
      ],
      "irrep_occs_up": [
        2,
        0,
        0,
        1,
        0,
        1,
        1,
        0,
        1,
        0
      ],
      "irreps": [
        1,
        2,
        3,
        4,
        5,
        6,
        7,
        8,
        9,
        10
      ],
      "point_group": "dih"
    },
    "eps_vars": [
      0.0002,
      0.0001,
      5e-05,
      2e-05,
      1.5e-05,
      1e-05
    ],
    "eps_vars_schedule": [
      0.005,
      0.003,
      0.002,
      0.001,
      0.0005,
      0.0003
    ],
    "load_integrals_cache": true,
    "n_dn": 6,
    "n_up": 6,
    "system": "chem",
    "target_error": 1e-05,
    "time_sym": true,
    "var_only": false
  },
  "energy_hf": -2098.561293132058,
  "energy_total": {
    "1.00e-04": {
      "1.00e-10": {
        "uncert": 3.3658661584760635e-06,
        "value": -2099.49090697836
      }
    },
    "1.00e-05": {
      "1.00e-11": {
        "uncert": 9.541175505078486e-07,
        "value": -2099.492302971313
      }
    },
    "1.50e-05": {
      "1.50e-11": {
        "uncert": 1.3583844528404379e-06,
        "value": -2099.492192465243
      }
    },
    "2.00e-04": {
      "2.00e-10": {
        "uncert": 4.221738021088832e-06,
        "value": -2099.4900160169354
      }
    },
    "2.00e-05": {
      "2.00e-11": {
        "uncert": 1.50374768480858e-06,
        "value": -2099.49208764785
      }
    },
    "5.00e-05": {
      "5.00e-11": {
        "uncert": 2.5213541530794925e-06,
        "value": -2099.491555555201
      }
    }
  },
  "energy_var": {
    "1.00e-04": -2099.475229865238,
    "1.00e-05": -2099.4890109294215,
    "1.50e-05": -2099.4877679079345,
    "2.00e-04": -2099.466449560394,
    "2.00e-05": -2099.486681120094,
    "5.00e-05": -2099.4815186650503
  },
  "n_elecs": 12
}
