{
  "config": {
    "chem": {
      "irrep_occs_dn": [
        4,
        2,
        1,
        2,
        1,
        2,
        1,
        0,
        1,
        0
      ],
      "irrep_occs_up": [
        4,
        2,
        1,
        2,
        1,
        2,
        1,
        0,
        1,
        0
      ],
      "irreps": [
        1,
        2,
        3,
        4,
        5,
        6,
        7,
        8,
        9,
        10
      ],
      "point_group": "dih"
    },
    "eps_vars": [
      0.0001,
      5e-05,
      3e-05,
      2e-05,
      1e-05,
      5e-06
    ],
    "eps_vars_schedule": [
      0.005,
      0.005,
      0.005,
      0.003,
      0.003,
      0.003,
      0.002,
      0.002,
      0.002,
      0.001,
      0.001,
      0.001,
      0.0005,
      0.0005,
      0.0005,
      0.0003,
      0.0003,
      0.0003,
      0.0002,
      0.0002,
      0.0002
    ],
    "n_dn": 14,
    "n_up": 14,
    "system": "chem",
    "time_sym": true
  },
  "energy_hf": -2098.5645911396937,
  "energy_total": {
    "1.00e-04": {
      "1.00e-10": {
        "uncert": 4.8231911662328995e-06,
        "value": -2099.9032034363418
      }
    },
    "1.00e-05": {
      "1.00e-11": {
        "uncert": 5.750763473341687e-06,
        "value": -2099.912291628145
      }
    },
    "2.00e-05": {
      "2.00e-11": {
        "uncert": 3.0542241848164622e-06,
        "value": -2099.9103729482636
      }
    },
    "3.00e-05": {
      "3.00e-11": {
        "uncert": 3.295996509271757e-06,
        "value": -2099.908943422428
      }
    },
    "5.00e-05": {
      "5.00e-11": {
        "uncert": 3.6305876687247245e-06,
        "value": -2099.9068001498663
      }
    },
    "5.00e-06": {
      "5.00e-12": {
        "uncert": 8.832066039865289e-06,
        "value": -2099.9136564383202
      }
    }
  },
  "energy_var": {
    "1.00e-04": -2099.8445837985455,
    "1.00e-05": -2099.890832043455,
    "2.00e-04": -2099.8210252494355,
    "2.00e-05": -2099.8809506080347,
    "3.00e-05": -2099.873812959296,
    "5.00e-05": -2099.8630376494275,
    "5.00e-06": -2099.8982181317806
  },
  "n_elecs": 28
}
