{
  "config": {
    "chem": {
      "irrep_occs_dn": [
        4,
        2,
        1,
        2,
        1,
        2,
        1,
        0,
        1,
        0
      ],
      "irrep_occs_up": [
        4,
        2,
        1,
        2,
        1,
        2,
        1,
        0,
        1,
        0
      ],
      "irreps": [
        1,
        2,
        3,
        4,
        5,
        6,
        7,
        8,
        9,
        10
      ],
      "point_group": "dih"
    },
    "eps_pt": 1e-20,
    "eps_vars": [
      0.0002,
      0.0001,
      5e-05,
      3e-05,
      2e-05,
      1e-05,
      5e-06
    ],
    "eps_vars_schedule": [
      0.005,
      0.005,
      0.005,
      0.005,
      0.005,
      0.003,
      0.003,
      0.003,
      0.003,
      0.003,
      0.002,
      0.002,
      0.002,
      0.002,
      0.002,
      0.001,
      0.001,
      0.001,
      0.001,
      0.001,
      0.001,
      0.001,
      0.0005,
      0.0005,
      0.0005,
      0.0005,
      0.0005,
      0.0005,
      0.0005,
      0.0003,
      0.0003,
      0.0003,
      0.0003,
      0.0003,
      0.0002,
      0.0002,
      0.0002,
      0.0002,
      0.0002
    ],
    "n_dn": 14,
    "n_up": 14,
    "skip_var": true,
    "system": "chem",
    "target_error": 2e-05,
    "time_sym": true
  },
  "energy_hf": -2098.1387851399086,
  "energy_total": {
    "1.00e-04": {
      "1.00e-20": {
        "uncert": 4.439049055930169e-06,
        "value": -2099.883197182672
      }
    },
    "1.00e-05": {
      "1.00e-20": {
        "uncert": 8.000917881203378e-06,
        "value": -2099.9012809738183
      }
    },
    "2.00e-04": {
      "1.00e-20": {
        "uncert": 5.987035006950759e-06,
        "value": -2099.875130998224
      }
    },
    "2.00e-05": {
      "1.00e-20": {
        "uncert": 4.676630974129394e-06,
        "value": -2099.8968880759508
      }
    },
    "3.00e-05": {
      "1.00e-20": {
        "uncert": 3.7151227594007625e-06,
        "value": -2099.8939863453443
      }
    },
    "5.00e-05": {
      "1.00e-20": {
        "uncert": 3.6035015117432845e-06,
        "value": -2099.8898895389298
      }
    },
    "5.00e-06": {
      "1.00e-20": {
        "uncert": 8.014887650333568e-06,
        "value": -2099.9046433914214
      }
    }
  },
  "energy_var": {
    "1.00e-04": -2099.808194212524,
    "1.00e-05": -2099.8702640637675,
    "2.00e-04": -2099.790812068944,
    "2.00e-05": -2099.853223733657,
    "3.00e-05": -2099.841873049003,
    "5.00e-05": -2099.8269165740244,
    "5.00e-06": -2099.8826827224416
  },
  "n_elecs": 28
}
