{
  "config": {
    "chem": {
      "irrep_occs_dn": [
        4,
        2,
        1,
        2,
        1,
        2,
        1,
        0,
        1,
        0
      ],
      "irrep_occs_up": [
        4,
        2,
        1,
        2,
        1,
        2,
        1,
        0,
        1,
        0
      ],
      "irreps": [
        1,
        2,
        3,
        4,
        5,
        6,
        7,
        8,
        9,
        10
      ],
      "point_group": "dih"
    },
    "eps_vars": [
      0.0002,
      0.0001,
      5e-05,
      3e-05,
      2e-05,
      1e-05,
      5e-06
    ],
    "eps_vars_schedule": [
      0.005,
      0.005,
      0.005,
      0.003,
      0.003,
      0.003,
      0.002,
      0.002,
      0.002,
      0.001,
      0.001,
      0.001,
      0.0005,
      0.0005,
      0.0005,
      0.0003,
      0.0003,
      0.0003,
      0.0002,
      0.0002,
      0.0002
    ],
    "n_dn": 14,
    "n_up": 14,
    "system": "chem",
    "time_sym": true
  },
  "energy_hf": -2098.4531937634,
  "energy_total": {
    "1.00e-04": {
      "1.00e-10": {
        "uncert": 4.988258418734489e-06,
        "value": -2099.90055267872
      }
    },
    "1.00e-05": {
      "1.00e-11": {
        "uncert": 9.794196416189404e-06,
        "value": -2099.9142169183815
      }
    },
    "2.00e-04": {
      "2.00e-10": {
        "uncert": 6.6711680168873125e-06,
        "value": -2099.8939406415816
      }
    },
    "2.00e-05": {
      "2.00e-11": {
        "uncert": 3.878706112409939e-06,
        "value": -2099.9111756724096
      }
    },
    "3.00e-05": {
      "3.00e-11": {
        "uncert": 2.830423308279392e-06,
        "value": -2099.908996804575
      }
    },
    "5.00e-05": {
      "5.00e-11": {
        "uncert": 3.7511759711849818e-06,
        "value": -2099.905771237324
      }
    },
    "5.00e-06": {
      "5.00e-12": {
        "uncert": 1.0416153706931296e-05,
        "value": -2099.9164164747167
      }
    }
  },
  "energy_var": {
    "1.00e-04": -2099.835376386051,
    "1.00e-05": -2099.8888407695918,
    "2.00e-04": -2099.8096735774966,
    "2.00e-05": -2099.8767954934506,
    "3.00e-05": -2099.868278876871,
    "5.00e-05": -2099.8557907710347,
    "5.00e-06": -2099.8979813998235
  },
  "n_elecs": 28
}
