{
  "config": {
    "chem": {
      "irrep_occs_dn": [
        4,
        2,
        1,
        2,
        1,
        2,
        1,
        0,
        1,
        0
      ],
      "irrep_occs_up": [
        4,
        2,
        1,
        2,
        1,
        2,
        1,
        0,
        1,
        0
      ],
      "irreps": [
        1,
        2,
        3,
        4,
        5,
        6,
        7,
        8,
        9,
        10
      ],
      "point_group": "dih"
    },
    "eps_pt": 1e-20,
    "eps_vars": [
      0.0002,
      0.0001,
      5e-05,
      3e-05,
      2e-05,
      1e-05,
      5e-06
    ],
    "eps_vars_schedule": [
      0.005,
      0.005,
      0.005,
      0.005,
      0.005,
      0.003,
      0.003,
      0.003,
      0.003,
      0.003,
      0.002,
      0.002,
      0.002,
      0.002,
      0.002,
      0.001,
      0.001,
      0.001,
      0.001,
      0.001,
      0.001,
      0.001,
      0.0005,
      0.0005,
      0.0005,
      0.0005,
      0.0005,
      0.0005,
      0.0005,
      0.0003,
      0.0003,
      0.0003,
      0.0003,
      0.0003,
      0.0002,
      0.0002,
      0.0002,
      0.0002,
      0.0002
    ],
    "n_dn": 14,
    "n_up": 14,
    "system": "chem",
    "target_error": 2e-05,
    "time_sym": true
  },
  "energy_hf": -2098.5836354012486,
  "energy_total": {
    "1.00e-04": {
      "1.00e-20": {
        "uncert": 4.925727208768898e-06,
        "value": -2099.89595032129
      }
    },
    "1.00e-05": {
      "1.00e-20": {
        "uncert": 6.50203596794225e-06,
        "value": -2099.904153095591
      }
    },
    "2.00e-04": {
      "1.00e-20": {
        "uncert": 6.173480084679526e-06,
        "value": -2099.8919935865597
      }
    },
    "2.00e-05": {
      "1.00e-20": {
        "uncert": 3.498143881936853e-06,
        "value": -2099.9024468667344
      }
    },
    "3.00e-05": {
      "1.00e-20": {
        "uncert": 2.8333364407271436e-06,
        "value": -2099.901170880288
      }
    },
    "5.00e-05": {
      "1.00e-20": {
        "uncert": 3.5023112416011862e-06,
        "value": -2099.899231133539
      }
    },
    "5.00e-06": {
      "1.00e-20": {
        "uncert": 6.5567230182579e-06,
        "value": -2099.905339463807
      }
    }
  },
  "energy_var": {
    "1.00e-04": -2099.8391502897307,
    "1.00e-05": -2099.883685635124,
    "2.00e-04": -2099.8161964977025,
    "2.00e-05": -2099.8742822356626,
    "3.00e-05": -2099.867439017972,
    "5.00e-05": -2099.857054161449,
    "5.00e-06": -2099.8906868199288
  },
  "n_elecs": 28
}
