{
  "config": {
    "chem": {
      "irrep_occs_dn": [
        2,
        0,
        0,
        1,
        0,
        1,
        1,
        0,
        1,
        0
      ],
      "irrep_occs_up": [
        2,
        0,
        0,
        1,
        0,
        1,
        1,
        0,
        1,
        0
      ],
      "irreps": [
        1,
        2,
        3,
        4,
        5,
        6,
        7,
        8,
        9,
        10
      ],
      "point_group": "dih"
    },
    "eps_vars": [
      0.0002,
      0.0001,
      5e-05,
      2e-05,
      1.5e-05,
      1e-05
    ],
    "eps_vars_schedule": [
      0.005,
      0.003,
      0.002,
      0.001,
      0.0005,
      0.0003
    ],
    "load_integrals_cache": true,
    "n_dn": 6,
    "n_up": 6,
    "system": "chem",
    "target_error": 1e-05,
    "time_sym": true,
    "var_only": false
  },
  "energy_hf": -2098.3034629497442,
  "energy_total": {
    "1.00e-04": {
      "1.00e-10": {
        "uncert": 3.612936556980836e-06,
        "value": -2099.5098184041117
      }
    },
    "1.00e-05": {
      "1.00e-11": {
        "uncert": 9.682620007392672e-07,
        "value": -2099.5144582974826
      }
    },
    "1.50e-05": {
      "1.50e-11": {
        "uncert": 1.316080310765639e-06,
        "value": -2099.5140420648754
      }
    },
    "2.00e-04": {
      "2.00e-10": {
        "uncert": 4.784419937831588e-06,
        "value": -2099.5068866142947
      }
    },
    "2.00e-05": {
      "2.00e-11": {
        "uncert": 1.5524951867716077e-06,
        "value": -2099.5136745392606
      }
    },
    "5.00e-05": {
      "5.00e-11": {
        "uncert": 2.6002454598212615e-06,
        "value": -2099.511907732176
      }
    }
  },
  "energy_var": {
    "1.00e-04": -2099.4904859623093,
    "1.00e-05": -2099.5098721722206,
    "1.50e-05": -2099.507951361341,
    "2.00e-04": -2099.479489984916,
    "2.00e-05": -2099.506324206345,
    "5.00e-05": -2099.4988530015225
  },
  "n_elecs": 12
}
