{
  "config": {
    "chem": {
      "irrep_occs_dn": [
        2,
        0,
        0,
        1,
        0,
        1,
        1,
        0,
        1,
        0
      ],
      "irrep_occs_up": [
        2,
        0,
        0,
        1,
        0,
        1,
        1,
        0,
        1,
        0
      ],
      "irreps": [
        1,
        2,
        3,
        4,
        5,
        6,
        7,
        8,
        9,
        10
      ],
      "point_group": "dih"
    },
    "eps_vars": [
      0.0002,
      0.0001,
      5e-05,
      2e-05,
      1.5e-05,
      1e-05
    ],
    "eps_vars_schedule": [
      0.005,
      0.003,
      0.002,
      0.001,
      0.0005,
      0.0003
    ],
    "load_integrals_cache": true,
    "n_dn": 6,
    "n_up": 6,
    "system": "chem",
    "target_error": 1e-05,
    "time_sym": true,
    "var_only": false
  },
  "energy_hf": -2097.985105658724,
  "energy_total": {
    "1.00e-04": {
      "1.00e-10": {
        "uncert": 3.098009437035916e-06,
        "value": -2099.5178481138855
      }
    },
    "1.00e-05": {
      "1.00e-11": {
        "uncert": 9.949666100223765e-07,
        "value": -2099.5231525572685
      }
    },
    "1.50e-05": {
      "1.50e-11": {
        "uncert": 1.0309706083376844e-06,
        "value": -2099.522584238712
      }
    },
    "2.00e-04": {
      "2.00e-10": {
        "uncert": 3.6945712244803693e-06,
        "value": -2099.5152592007403
      }
    },
    "2.00e-05": {
      "2.00e-11": {
        "uncert": 1.420170286030546e-06,
        "value": -2099.522100749089
      }
    },
    "5.00e-05": {
      "5.00e-11": {
        "uncert": 2.3263459497831863e-06,
        "value": -2099.5199640213286
      }
    }
  },
  "energy_var": {
    "1.00e-04": -2099.5009968490763,
    "1.00e-05": -2099.518961463625,
    "1.50e-05": -2099.5170772395068,
    "2.00e-04": -2099.4942602045335,
    "2.00e-05": -2099.515487101533,
    "5.00e-05": -2099.5082407795494
  },
  "n_elecs": 12
}
