{
  "config": {
    "chem": {
      "irrep_occs_dn": [
        2,
        0,
        0,
        1,
        0,
        1,
        1,
        0,
        1,
        0
      ],
      "irrep_occs_up": [
        2,
        0,
        0,
        1,
        0,
        1,
        1,
        0,
        1,
        0
      ],
      "irreps": [
        1,
        2,
        3,
        4,
        5,
        6,
        7,
        8,
        9,
        10
      ],
      "point_group": "dih"
    },
    "eps_vars": [
      0.0002,
      0.0001,
      5e-05,
      2e-05,
      1.5e-05,
      1e-05
    ],
    "eps_vars_schedule": [
      0.005,
      0.002,
      0.001,
      0.0005
    ],
    "load_integrals_cache": true,
    "n_dn": 6,
    "n_up": 6,
    "system": "chem",
    "target_error": 1e-05,
    "time_sym": true,
    "var_only": false
  },
  "energy_hf": -2098.6065215698527,
  "energy_total": {
    "1.00e-04": {
      "1.00e-10": {
        "uncert": 3.6220607955014268e-06,
        "value": -2099.5117328380366
      }
    },
    "1.00e-05": {
      "1.00e-11": {
        "uncert": 1.6420149946667738e-06,
        "value": -2099.512443819212
      }
    },
    "1.50e-05": {
      "1.50e-11": {
        "uncert": 2.178612276430071e-06,
        "value": -2099.5123870175994
      }
    },
    "2.00e-04": {
      "2.00e-10": {
        "uncert": 4.554458549103267e-06,
        "value": -2099.5112482783484
      }
    },
    "2.00e-05": {
      "2.00e-11": {
        "uncert": 1.8870504236721443e-06,
        "value": -2099.5123313630916
      }
    },
    "5.00e-05": {
      "5.00e-11": {
        "uncert": 2.5821755976542964e-06,
        "value": -2099.512052792055
      }
    }
  },
  "energy_var": {
    "1.00e-04": -2099.4917617324004,
    "1.00e-05": -2099.507763239632,
    "1.50e-05": -2099.5062529361944,
    "2.00e-04": -2099.48209416206,
    "2.00e-05": -2099.504957432581,
    "5.00e-05": -2099.4989167014346
  },
  "n_elecs": 12
}
