{
  "config": {
    "chem": {
      "irrep_occs_dn": [
        4,
        2,
        1,
        2,
        1,
        2,
        1,
        0,
        1,
        0
      ],
      "irrep_occs_up": [
        4,
        2,
        1,
        2,
        1,
        2,
        1,
        0,
        1,
        0
      ],
      "irreps": [
        1,
        2,
        3,
        4,
        5,
        6,
        7,
        8,
        9,
        10
      ],
      "point_group": "dih"
    },
    "eps_vars": [
      0.0001,
      5e-05,
      3e-05,
      2e-05,
      1e-05,
      5e-06
    ],
    "eps_vars_schedule": [
      0.005,
      0.005,
      0.005,
      0.003,
      0.003,
      0.003,
      0.002,
      0.002,
      0.002,
      0.001,
      0.001,
      0.001,
      0.0005,
      0.0005,
      0.0005,
      0.0003,
      0.0003,
      0.0003,
      0.0002,
      0.0002,
      0.0002
    ],
    "n_dn": 14,
    "n_up": 14,
    "system": "chem",
    "time_sym": true
  },
  "energy_hf": -2098.577511118025,
  "energy_total": {
    "1.00e-04": {
      "1.00e-10": {
        "uncert": 4.82747531473697e-06,
        "value": -2099.8959415187437
      }
    },
    "1.00e-05": {
      "1.00e-11": {
        "uncert": 4.116489950538464e-06,
        "value": -2099.9040658277645
      }
    },
    "2.00e-05": {
      "2.00e-11": {
        "uncert": 3.323843711552744e-06,
        "value": -2099.902362541471
      }
    },
    "3.00e-05": {
      "3.00e-11": {
        "uncert": 3.1576616899627467e-06,
        "value": -2099.9010938694864
      }
    },
    "5.00e-05": {
      "5.00e-11": {
        "uncert": 3.5427742619147934e-06,
        "value": -2099.899164543878
      }
    },
    "5.00e-06": {
      "5.00e-12": {
        "uncert": 5.214735095332031e-06,
        "value": -2099.905269865037
      }
    }
  },
  "energy_var": {
    "1.00e-04": -2099.8387466648605,
    "1.00e-05": -2099.8835326899075,
    "2.00e-05": -2099.874111349468,
    "3.00e-05": -2099.8672500195858,
    "5.00e-05": -2099.856810661941,
    "5.00e-06": -2099.89053526302
  },
  "n_elecs": 28
}
