{
  "config": {
    "chem": {
      "irrep_occs_dn": [
        2,
        0,
        0,
        1,
        0,
        1,
        1,
        0,
        1,
        0
      ],
      "irrep_occs_up": [
        2,
        0,
        0,
        1,
        0,
        1,
        1,
        0,
        1,
        0
      ],
      "irreps": [
        1,
        2,
        3,
        4,
        5,
        6,
        7,
        8,
        9,
        10
      ],
      "point_group": "dih"
    },
    "eps_vars": [
      0.0002,
      0.0001,
      5e-05,
      2e-05,
      1.5e-05,
      1e-05
    ],
    "eps_vars_schedule": [
      0.005,
      0.003,
      0.002,
      0.001,
      0.0005,
      0.0003
    ],
    "load_integrals_cache": true,
    "n_dn": 6,
    "n_up": 6,
    "system": "chem",
    "target_error": 1e-05,
    "time_sym": true,
    "var_only": false
  },
  "energy_hf": -2097.697827371362,
  "energy_total": {
    "1.00e-04": {
      "1.00e-10": {
        "uncert": 2.22652004954044e-06,
        "value": -2099.5091741376164
      }
    },
    "1.00e-05": {
      "1.00e-11": {
        "uncert": 6.984640910741374e-07,
        "value": -2099.5133964003726
      }
    },
    "1.50e-05": {
      "1.50e-11": {
        "uncert": 8.751149699811893e-07,
        "value": -2099.512927785525
      }
    },
    "2.00e-04": {
      "2.00e-10": {
        "uncert": 3.174339802336643e-06,
        "value": -2099.5073252783977
      }
    },
    "2.00e-05": {
      "2.00e-11": {
        "uncert": 1.0569599129835142e-06,
        "value": -2099.5125409354287
      }
    },
    "5.00e-05": {
      "5.00e-11": {
        "uncert": 1.6926184536437036e-06,
        "value": -2099.5107461505704
      }
    }
  },
  "energy_var": {
    "1.00e-04": -2099.495393943994,
    "1.00e-05": -2099.5100988891345,
    "1.50e-05": -2099.5084010759974,
    "2.00e-04": -2099.4914010392404,
    "2.00e-05": -2099.506990702676,
    "5.00e-05": -2099.5008672784156
  },
  "n_elecs": 12
}
