{
  "config": {
    "chem": {
      "irrep_occs_dn": [
        2,
        0,
        0,
        1,
        0,
        1,
        1,
        0,
        1,
        0
      ],
      "irrep_occs_up": [
        2,
        0,
        0,
        1,
        0,
        1,
        1,
        0,
        1,
        0
      ],
      "irreps": [
        1,
        2,
        3,
        4,
        5,
        6,
        7,
        8,
        9,
        10
      ],
      "point_group": "dih"
    },
    "eps_vars": [
      0.0002,
      0.0001,
      5e-05,
      2e-05,
      1.5e-05,
      1e-05
    ],
    "eps_vars_schedule": [
      0.005,
      0.002,
      0.001,
      0.0005
    ],
    "load_integrals_cache": true,
    "n_dn": 6,
    "n_up": 6,
    "system": "chem",
    "target_error": 1e-05,
    "time_sym": true,
    "var_only": false
  },
  "energy_hf": -2098.135273254503,
  "energy_total": {
    "1.00e-04": {
      "1.00e-10": {
        "uncert": 3.6065783793015297e-06,
        "value": -2099.5467698290454
      }
    },
    "1.00e-05": {
      "1.00e-11": {
        "uncert": 6.712100942792554e-06,
        "value": -2099.5531157800924
      }
    },
    "1.50e-05": {
      "1.50e-11": {
        "uncert": 3.251584380991735e-06,
        "value": -2099.552383966739
      }
    },
    "2.00e-04": {
      "2.00e-10": {
        "uncert": 4.47135869368331e-06,
        "value": -2099.5432946119795
      }
    },
    "2.00e-05": {
      "2.00e-11": {
        "uncert": 3.7342666797899564e-06,
        "value": -2099.551781840971
      }
    },
    "5.00e-05": {
      "5.00e-11": {
        "uncert": 3.0994332010517838e-06,
        "value": -2099.5493910039263
      }
    }
  },
  "energy_var": {
    "1.00e-04": -2099.5202308836792,
    "1.00e-05": -2099.545623266907,
    "1.50e-05": -2099.542829173725,
    "2.00e-04": -2099.5092193279324,
    "2.00e-05": -2099.5405606662393,
    "5.00e-05": -2099.5301994491892
  },
  "n_elecs": 12
}
