{
  "config": {
    "chem": {
      "irrep_occs_dn": [
        2,
        0,
        0,
        1,
        0,
        1,
        1,
        0,
        1,
        0
      ],
      "irrep_occs_up": [
        2,
        0,
        0,
        1,
        0,
        1,
        1,
        0,
        1,
        0
      ],
      "irreps": [
        1,
        2,
        3,
        4,
        5,
        6,
        7,
        8,
        9,
        10
      ],
      "point_group": "dih"
    },
    "eps_vars": [
      0.0002,
      0.0001,
      5e-05,
      2e-05,
      1.5e-05,
      1e-05
    ],
    "eps_vars_schedule": [
      0.005,
      0.002,
      0.001,
      0.0005
    ],
    "load_integrals_cache": true,
    "n_dn": 6,
    "n_up": 6,
    "system": "chem",
    "target_error": 1e-05,
    "time_sym": true,
    "var_only": false
  },
  "energy_hf": -2098.135273254503,
  "energy_var": {
    "1.00e-04": -2099.5202308837065,
    "1.50e-05": -2099.5428295976167,
    "2.00e-04": -2099.509219327934,
    "2.00e-05": -2099.5405595423877,
    "5.00e-05": -2099.530199449113
  },
  "n_elecs": 12
}
