{
  "config": {
    "chem": {
      "irrep_occs_dn": [
        2,
        0,
        0,
        1,
        0,
        1,
        1,
        0,
        1,
        0
      ],
      "irrep_occs_up": [
        2,
        0,
        0,
        1,
        0,
        1,
        1,
        0,
        1,
        0
      ],
      "irreps": [
        1,
        2,
        3,
        4,
        5,
        6,
        7,
        8,
        9,
        10
      ],
      "point_group": "dih"
    },
    "eps_vars": [
      0.0002,
      0.0001,
      5e-05,
      2e-05,
      1.5e-05,
      1e-05
    ],
    "eps_vars_schedule": [
      0.005,
      0.002,
      0.001,
      0.0005
    ],
    "load_integrals_cache": true,
    "n_dn": 6,
    "n_up": 6,
    "random_seed": 54627261,
    "system": "chem",
    "target_error": 1e-05,
    "time_sym": true,
    "var_only": false
  },
  "energy_hf": -2098.52863440581,
  "energy_total": {
    "1.00e-04": {
      "1.00e-10": {
        "uncert": 3.980409133146126e-06,
        "value": -2099.544963599696
      }
    },
    "1.00e-05": {
      "1.00e-11": {
        "uncert": 4.458743024901808e-06,
        "value": -2099.5472106182215
      }
    },
    "1.50e-05": {
      "1.50e-11": {
        "uncert": 2.4562616007968426e-06,
        "value": -2099.547021659397
      }
    },
    "2.00e-04": {
      "2.00e-10": {
        "uncert": 4.893111291473945e-06,
        "value": -2099.543573098246
      }
    },
    "2.00e-05": {
      "2.00e-11": {
        "uncert": 4.8479026723373454e-06,
        "value": -2099.54683778335
      }
    },
    "5.00e-05": {
      "5.00e-11": {
        "uncert": 2.956097092460473e-06,
        "value": -2099.545961990313
      }
    },
    "extrapolated": {
      "uncert": 0.0007405152355204336,
      "value": -2099.5474146623988
    }
  },
  "energy_var": {
    "1.00e-04": -2099.522123759652,
    "1.00e-05": -2099.5415176997826,
    "1.50e-05": -2099.539619270883,
    "2.00e-04": -2099.5107544523353,
    "2.00e-05": -2099.5379907255465,
    "5.00e-05": -2099.5305773093896
  },
  "n_elecs": 12
}
