{
  "config": {
    "chem": {
      "irrep_occs_dn": [
        2,
        0,
        0,
        1,
        0,
        1,
        1,
        0,
        1,
        0
      ],
      "irrep_occs_up": [
        2,
        0,
        0,
        1,
        0,
        1,
        1,
        0,
        1,
        0
      ],
      "irreps": [
        1,
        2,
        3,
        4,
        5,
        6,
        7,
        8,
        9,
        10
      ],
      "point_group": "dih"
    },
    "eps_vars": [
      0.0002,
      0.0001,
      5e-05,
      2e-05,
      1.5e-05,
      1e-05
    ],
    "eps_vars_schedule": [
      0.005,
      0.002,
      0.001,
      0.0005
    ],
    "load_integrals_cache": true,
    "n_dn": 6,
    "n_up": 6,
    "system": "chem",
    "target_error": 1e-05,
    "time_sym": true,
    "var_only": false
  },
  "energy_hf": -2098.572131363265,
  "energy_total": {
    "1.00e-04": {
      "1.00e-10": {
        "uncert": 3.8001112446055836e-06,
        "value": -2099.538117859232
      }
    },
    "1.00e-05": {
      "1.00e-11": {
        "uncert": 2.3830986838156594e-06,
        "value": -2099.539502127657
      }
    },
    "1.50e-05": {
      "1.50e-11": {
        "uncert": 1.4483800198675394e-06,
        "value": -2099.539389927467
      }
    },
    "2.00e-04": {
      "2.00e-10": {
        "uncert": 4.960547984089236e-06,
        "value": -2099.5372214086215
      }
    },
    "2.00e-05": {
      "2.00e-11": {
        "uncert": 2.248361786024407e-06,
        "value": -2099.5392833117803
      }
    },
    "5.00e-05": {
      "5.00e-11": {
        "uncert": 2.8135417484584943e-06,
        "value": -2099.538734247737
      }
    }
  },
  "energy_var": {
    "1.00e-04": -2099.5161396564117,
    "1.00e-05": -2099.534158238008,
    "1.50e-05": -2099.5324229287617,
    "2.00e-04": -2099.5055314777424,
    "2.00e-05": -2099.530938563831,
    "5.00e-05": -2099.5240616415813
  },
  "n_elecs": 12
}
