{
  "config": {
    "chem": {
      "irrep_occs_dn": [
        4,
        2,
        1,
        2,
        1,
        2,
        1,
        0,
        1,
        0
      ],
      "irrep_occs_up": [
        4,
        2,
        1,
        2,
        1,
        2,
        1,
        0,
        1,
        0
      ],
      "irreps": [
        1,
        2,
        3,
        4,
        5,
        6,
        7,
        8,
        9,
        10
      ],
      "point_group": "dih"
    },
    "eps_pt": 1e-20,
    "eps_vars": [
      0.0002,
      0.0001,
      5e-05,
      3e-05,
      2e-05,
      1e-05,
      5e-06
    ],
    "eps_vars_schedule": [
      0.005,
      0.005,
      0.005,
      0.005,
      0.005,
      0.003,
      0.003,
      0.003,
      0.003,
      0.003,
      0.002,
      0.002,
      0.002,
      0.002,
      0.002,
      0.001,
      0.001,
      0.001,
      0.001,
      0.001,
      0.001,
      0.001,
      0.0005,
      0.0005,
      0.0005,
      0.0005,
      0.0005,
      0.0005,
      0.0005,
      0.0003,
      0.0003,
      0.0003,
      0.0003,
      0.0003,
      0.0002,
      0.0002,
      0.0002,
      0.0002,
      0.0002
    ],
    "n_dn": 14,
    "n_up": 14,
    "skip_var": true,
    "system": "chem",
    "target_error": 2e-05,
    "time_sym": true
  },
  "energy_hf": -2098.3136777903555,
  "energy_total": {
    "1.00e-04": {
      "1.00e-20": {
        "uncert": 4.866679037868659e-06,
        "value": -2099.8908419013474
      }
    },
    "1.00e-05": {
      "1.00e-20": {
        "uncert": 4.33066043993149e-06,
        "value": -2099.9071706500945
      }
    },
    "2.00e-04": {
      "1.00e-20": {
        "uncert": 6.065905686837254e-06,
        "value": -2099.883118866633
      }
    },
    "2.00e-05": {
      "1.00e-20": {
        "uncert": 5.284191209666232e-06,
        "value": -2099.903347545873
      }
    },
    "3.00e-05": {
      "1.00e-20": {
        "uncert": 3.978586569703385e-06,
        "value": -2099.900741852226
      }
    },
    "5.00e-05": {
      "1.00e-20": {
        "uncert": 3.570644548851346e-06,
        "value": -2099.897089001069
      }
    },
    "5.00e-06": {
      "1.00e-20": {
        "uncert": 1.3333767111533887e-05,
        "value": -2099.9100996321304
      }
    }
  },
  "energy_var": {
    "1.00e-04": -2099.817865514734,
    "1.00e-05": -2099.877833088849,
    "2.00e-04": -2099.7927399690793,
    "2.00e-05": -2099.863457947879,
    "3.00e-05": -2099.853632584769,
    "5.00e-05": -2099.8398970325647,
    "5.00e-06": -2099.888861078946
  },
  "n_elecs": 28
}
