{
  "config": {
    "chem": {
      "irrep_occs_dn": [
        2,
        0,
        0,
        1,
        0,
        1,
        1,
        0,
        1,
        0
      ],
      "irrep_occs_up": [
        2,
        0,
        0,
        1,
        0,
        1,
        1,
        0,
        1,
        0
      ],
      "irreps": [
        1,
        2,
        3,
        4,
        5,
        6,
        7,
        8,
        9,
        10
      ],
      "point_group": "dih"
    },
    "eps_vars": [
      0.0002,
      0.0001,
      5e-05,
      2e-05,
      1.5e-05,
      1e-05
    ],
    "eps_vars_schedule": [
      0.005,
      0.003,
      0.002,
      0.001,
      0.0005,
      0.0003
    ],
    "load_integrals_cache": true,
    "n_dn": 6,
    "n_up": 6,
    "system": "chem",
    "target_error": 1e-05,
    "time_sym": true,
    "var_only": false
  },
  "energy_hf": -2098.520032729914,
  "energy_total": {
    "1.00e-04": {
      "1.00e-10": {
        "uncert": 3.348174315847032e-06,
        "value": -2099.5007355710095
      }
    },
    "1.00e-05": {
      "1.00e-11": {
        "uncert": 9.394306790287593e-07,
        "value": -2099.502909849556
      }
    },
    "1.50e-05": {
      "1.50e-11": {
        "uncert": 1.2855003561782748e-06,
        "value": -2099.502733718357
      }
    },
    "2.00e-04": {
      "2.00e-10": {
        "uncert": 4.166789275228871e-06,
        "value": -2099.499311474858
      }
    },
    "2.00e-05": {
      "2.00e-11": {
        "uncert": 1.4477508061917596e-06,
        "value": -2099.5025706781967
      }
    },
    "5.00e-05": {
      "5.00e-11": {
        "uncert": 2.4243708146270113e-06,
        "value": -2099.501721659789
      }
    }
  },
  "energy_var": {
    "1.00e-04": -2099.4845550319915,
    "1.00e-05": -2099.499412958987,
    "1.50e-05": -2099.4980479178053,
    "2.00e-04": -2099.475114220481,
    "2.00e-05": -2099.4968596202734,
    "5.00e-05": -2099.4912047884536
  },
  "n_elecs": 12
}
