{
  "config": {
    "chem": {
      "irrep_occs_dn": [
        4,
        2,
        1,
        2,
        1,
        2,
        1,
        0,
        1,
        0
      ],
      "irrep_occs_up": [
        4,
        2,
        1,
        2,
        1,
        2,
        1,
        0,
        1,
        0
      ],
      "irreps": [
        1,
        2,
        3,
        4,
        5,
        6,
        7,
        8,
        9,
        10
      ],
      "point_group": "dih"
    },
    "eps_pt": 1e-20,
    "eps_vars": [
      0.0002,
      0.0001,
      5e-05,
      3e-05,
      2e-05,
      1e-05,
      5e-06
    ],
    "eps_vars_schedule": [
      0.005,
      0.005,
      0.005,
      0.005,
      0.005,
      0.003,
      0.003,
      0.003,
      0.003,
      0.003,
      0.002,
      0.002,
      0.002,
      0.002,
      0.002,
      0.001,
      0.001,
      0.001,
      0.001,
      0.001,
      0.001,
      0.001,
      0.0005,
      0.0005,
      0.0005,
      0.0005,
      0.0005,
      0.0005,
      0.0005,
      0.0003,
      0.0003,
      0.0003,
      0.0003,
      0.0003,
      0.0002,
      0.0002,
      0.0002,
      0.0002,
      0.0002
    ],
    "n_dn": 14,
    "n_up": 14,
    "skip_var": true,
    "system": "chem",
    "target_error": 2e-05,
    "time_sym": true
  },
  "energy_hf": -2097.700200953188,
  "energy_total": {
    "1.00e-04": {
      "1.00e-20": {
        "uncert": 3.585133912041844e-06,
        "value": -2099.867757217756
      }
    },
    "1.00e-05": {
      "1.00e-20": {
        "uncert": 7.356733761656461e-06,
        "value": -2099.8804528013225
      }
    },
    "2.00e-04": {
      "1.00e-20": {
        "uncert": 5.457944811283399e-06,
        "value": -2099.8547056231796
      }
    },
    "2.00e-05": {
      "1.00e-20": {
        "uncert": 2.543162467139383e-06,
        "value": -2099.876406382226
      }
    },
    "3.00e-05": {
      "1.00e-20": {
        "uncert": 3.2860140978787524e-06,
        "value": -2099.8740208432355
      }
    },
    "5.00e-05": {
      "1.00e-20": {
        "uncert": 2.6142675733295713e-06,
        "value": -2099.8712874601188
      }
    },
    "5.00e-06": {
      "1.00e-20": {
        "uncert": 1.4596250084917295e-05,
        "value": -2099.884025529964
      }
    }
  },
  "energy_var": {
    "1.00e-04": -2099.8051984177187,
    "1.00e-05": -2099.85348551502,
    "2.00e-04": -2099.785065466639,
    "2.00e-05": -2099.837165177628,
    "3.00e-05": -2099.826603721204,
    "5.00e-05": -2099.8154514779326,
    "5.00e-06": -2099.8658053783724
  },
  "n_elecs": 28
}
