{
  "config": {
    "chem": {
      "irrep_occs_dn": [
        4,
        2,
        1,
        2,
        1,
        2,
        1,
        0,
        1,
        0
      ],
      "irrep_occs_up": [
        4,
        2,
        1,
        2,
        1,
        2,
        1,
        0,
        1,
        0
      ],
      "irreps": [
        1,
        2,
        3,
        4,
        5,
        6,
        7,
        8,
        9,
        10
      ],
      "point_group": "dih"
    },
    "eps_vars": [
      0.0001,
      5e-05,
      3e-05,
      2e-05,
      1e-05,
      5e-06
    ],
    "eps_vars_schedule": [
      0.005,
      0.005,
      0.005,
      0.003,
      0.003,
      0.003,
      0.002,
      0.002,
      0.002,
      0.001,
      0.001,
      0.001,
      0.0005,
      0.0005,
      0.0005,
      0.0003,
      0.0003,
      0.0003,
      0.0002,
      0.0002,
      0.0002
    ],
    "n_dn": 14,
    "n_up": 14,
    "system": "chem",
    "time_sym": true
  },
  "energy_hf": -2097.86900818471,
  "energy_total": {
    "1.00e-04": {
      "1.00e-10": {
        "uncert": 4.320865582652659e-06,
        "value": -2099.8741098611354
      }
    },
    "1.00e-05": {
      "1.00e-11": {
        "uncert": 9.508592441016758e-06,
        "value": -2099.892984086698
      }
    },
    "2.00e-04": {
      "2.00e-10": {
        "uncert": 5.870511289921976e-06,
        "value": -2099.8645674861727
      }
    },
    "2.00e-05": {
      "2.00e-11": {
        "uncert": 2.847372793100714e-06,
        "value": -2099.8884926268775
      }
    },
    "3.00e-05": {
      "3.00e-11": {
        "uncert": 2.957862646083206e-06,
        "value": -2099.8855476757644
      }
    },
    "5.00e-05": {
      "5.00e-11": {
        "uncert": 2.8817081172992343e-06,
        "value": -2099.881547435458
      }
    },
    "5.00e-06": {
      "5.00e-12": {
        "uncert": 1.826061259498588e-05,
        "value": -2099.8965075399697
      }
    }
  },
  "energy_var": {
    "1.00e-04": -2099.8059599534827,
    "1.00e-05": -2099.8659525205107,
    "2.00e-04": -2099.7914783104534,
    "2.00e-05": -2099.849283043023,
    "3.00e-05": -2099.837563365383,
    "5.00e-05": -2099.8230325139307,
    "5.00e-06": -2099.8774713028783
  },
  "n_elecs": 28
}
