{
  "config": {
    "chem": {
      "irrep_occs_dn": [
        2,
        0,
        0,
        1,
        0,
        1,
        1,
        0,
        1,
        0
      ],
      "irrep_occs_up": [
        2,
        0,
        0,
        1,
        0,
        1,
        1,
        0,
        1,
        0
      ],
      "irreps": [
        1,
        2,
        3,
        4,
        5,
        6,
        7,
        8,
        9,
        10
      ],
      "point_group": "dih"
    },
    "eps_vars": [
      0.0002,
      0.0001,
      5e-05,
      2e-05,
      1.5e-05,
      1e-05
    ],
    "eps_vars_schedule": [
      0.005,
      0.003,
      0.002,
      0.001,
      0.0005,
      0.0003
    ],
    "load_integrals_cache": true,
    "n_dn": 6,
    "n_up": 6,
    "system": "chem",
    "target_error": 1e-05,
    "time_sym": true,
    "var_only": false
  },
  "energy_hf": -2098.132630674384,
  "energy_total": {
    "1.00e-04": {
      "1.00e-10": {
        "uncert": 3.1841025479451746e-06,
        "value": -2099.5141635213954
      }
    },
    "1.00e-05": {
      "1.00e-11": {
        "uncert": 8.865590655459806e-07,
        "value": -2099.5201559706593
      }
    },
    "1.50e-05": {
      "1.50e-11": {
        "uncert": 1.2627977525605136e-06,
        "value": -2099.5195593144617
      }
    },
    "2.00e-04": {
      "2.00e-10": {
        "uncert": 4.4374378894673155e-06,
        "value": -2099.511319840804
      }
    },
    "2.00e-05": {
      "2.00e-11": {
        "uncert": 1.515010685482997e-06,
        "value": -2099.5190384323005
      }
    },
    "5.00e-05": {
      "5.00e-11": {
        "uncert": 2.5100196402051524e-06,
        "value": -2099.5166635205846
      }
    }
  },
  "energy_var": {
    "1.00e-04": -2099.4953939916486,
    "1.00e-05": -2099.515286431223,
    "1.50e-05": -2099.5132022432704,
    "2.00e-04": -2099.486796536008,
    "2.00e-05": -2099.511543906722,
    "5.00e-05": -2099.50363035836
  },
  "n_elecs": 12
}
