{
  "config": {
    "chem": {
      "irrep_occs_dn": [
        2,
        0,
        0,
        1,
        0,
        1,
        1,
        0,
        1,
        0
      ],
      "irrep_occs_up": [
        2,
        0,
        0,
        1,
        0,
        1,
        1,
        0,
        1,
        0
      ],
      "irreps": [
        1,
        2,
        3,
        4,
        5,
        6,
        7,
        8,
        9,
        10
      ],
      "point_group": "dih"
    },
    "eps_vars": [
      0.0002,
      0.0001,
      5e-05,
      2e-05,
      1.5e-05,
      1e-05
    ],
    "eps_vars_schedule": [
      0.005,
      0.003,
      0.002,
      0.001,
      0.0005,
      0.0003
    ],
    "load_integrals_cache": true,
    "n_dn": 6,
    "n_up": 6,
    "system": "chem",
    "target_error": 1e-05,
    "time_sym": true,
    "var_only": false
  },
  "energy_hf": -2097.771902809923,
  "energy_total": {
    "1.00e-04": {
      "1.00e-10": {
        "uncert": 2.272992738579231e-06,
        "value": -2099.513979796892
      }
    },
    "1.00e-05": {
      "1.00e-11": {
        "uncert": 6.529534172212112e-07,
        "value": -2099.5185129918477
      }
    },
    "1.50e-05": {
      "1.50e-11": {
        "uncert": 8.767288737446774e-07,
        "value": -2099.5180307644396
      }
    },
    "2.00e-04": {
      "2.00e-10": {
        "uncert": 3.636101995525908e-06,
        "value": -2099.5119007183243
      }
    },
    "2.00e-05": {
      "2.00e-11": {
        "uncert": 1.1535750384360849e-06,
        "value": -2099.517620888757
      }
    },
    "5.00e-05": {
      "5.00e-11": {
        "uncert": 1.758236180713837e-06,
        "value": -2099.5157125187893
      }
    }
  },
  "energy_var": {
    "1.00e-04": -2099.499381280285,
    "1.00e-05": -2099.5150029638503,
    "1.50e-05": -2099.513317136842,
    "2.00e-04": -2099.494843980706,
    "2.00e-05": -2099.511817230359,
    "5.00e-05": -2099.5055055195667
  },
  "n_elecs": 12
}
