{
  "config": {
    "chem": {
      "irrep_occs_dn": [
        4,
        2,
        1,
        2,
        1,
        2,
        1,
        0,
        1,
        0
      ],
      "irrep_occs_up": [
        4,
        2,
        1,
        2,
        1,
        2,
        1,
        0,
        1,
        0
      ],
      "irreps": [
        1,
        2,
        3,
        4,
        5,
        6,
        7,
        8,
        9,
        10
      ],
      "point_group": "dih"
    },
    "eps_pt": 1e-20,
    "eps_vars": [
      0.0002,
      0.0001,
      5e-05,
      3e-05,
      2e-05,
      1e-05,
      5e-06
    ],
    "eps_vars_schedule": [
      0.005,
      0.005,
      0.005,
      0.005,
      0.005,
      0.003,
      0.003,
      0.003,
      0.003,
      0.003,
      0.002,
      0.002,
      0.002,
      0.002,
      0.002,
      0.001,
      0.001,
      0.001,
      0.001,
      0.001,
      0.001,
      0.001,
      0.0005,
      0.0005,
      0.0005,
      0.0005,
      0.0005,
      0.0005,
      0.0005,
      0.0003,
      0.0003,
      0.0003,
      0.0003,
      0.0003,
      0.0002,
      0.0002,
      0.0002,
      0.0002,
      0.0002
    ],
    "n_dn": 14,
    "n_up": 14,
    "skip_var": true,
    "system": "chem",
    "target_error": 2e-05,
    "time_sym": true
  },
  "energy_hf": -2097.777483742431,
  "energy_total": {
    "1.00e-04": {
      "1.00e-20": {
        "uncert": 4.243975406514272e-06,
        "value": -2099.8729508876863
      }
    },
    "1.00e-05": {
      "1.00e-20": {
        "uncert": 1.2567061122768939e-05,
        "value": -2099.8874729754
      }
    },
    "2.00e-04": {
      "1.00e-20": {
        "uncert": 5.330203559301082e-06,
        "value": -2099.861269583817
      }
    },
    "2.00e-05": {
      "1.00e-20": {
        "uncert": 4.7388274833372725e-06,
        "value": -2099.883315187483
      }
    },
    "3.00e-05": {
      "1.00e-20": {
        "uncert": 3.2000294570860123e-06,
        "value": -2099.8806123451914
      }
    },
    "5.00e-05": {
      "1.00e-20": {
        "uncert": 2.8148026383388667e-06,
        "value": -2099.877183622569
      }
    },
    "5.00e-06": {
      "1.00e-20": {
        "uncert": 1.4209089524993778e-05,
        "value": -2099.8909050361385
      }
    }
  },
  "energy_var": {
    "1.00e-04": -2099.8079954464283,
    "1.00e-05": -2099.860247581799,
    "2.00e-04": -2099.789508067921,
    "2.00e-05": -2099.8436458124997,
    "3.00e-05": -2099.832472192551,
    "5.00e-05": -2099.819745450448,
    "5.00e-06": -2099.8722397788792
  },
  "n_elecs": 28
}
