{
  "energy_hf": -2097.7715886704027, 
  "n_elecs": 28, 
  "energy_total": {
    "extrapolated": {
      "uncert": 0.008019189739115973, 
      "value": -2099.894814082254
    }, 
    "1.00e-05": {
      "1.00e-11": {
        "uncert": 8.651190004926984e-06, 
        "value": -2099.8859910656097
      }
    }, 
    "1.00e-04": {
      "1.00e-10": {
        "uncert": 4.340775349764554e-06, 
        "value": -2099.866766809987
      }
    }, 
    "3.00e-05": {
      "3.00e-11": {
        "uncert": 2.3443117178086634e-06, 
        "value": -2099.8787615850033
      }
    }, 
    "5.00e-06": {
      "5.00e-12": {
        "uncert": 2.1136823370254243e-05, 
        "value": -2099.889520156903
      }
    }, 
    "5.00e-05": {
      "5.00e-11": {
        "uncert": 3.434501244139968e-06, 
        "value": -2099.875103987228
      }
    }, 
    "2.00e-04": {
      "2.00e-10": {
        "uncert": 5.2936379538091735e-06, 
        "value": -2099.856155790498
      }
    }, 
    "2.00e-05": {
      "2.00e-11": {
        "uncert": 4.054693359673081e-06, 
        "value": -2099.8816532150227
      }
    }
  }, 
  "config": {
    "chem": {
      "irreps": [
        1, 
        2, 
        3, 
        4, 
        5, 
        6, 
        7, 
        8, 
        9, 
        10
      ], 
      "point_group": "dih", 
      "irrep_occs_dn": [
        4, 
        2, 
        1, 
        2, 
        1, 
        2, 
        1, 
        0, 
        1, 
        0
      ], 
      "irrep_occs_up": [
        4, 
        2, 
        1, 
        2, 
        1, 
        2, 
        1, 
        0, 
        1, 
        0
      ]
    }, 
    "eps_vars_schedule": [
      0.005, 
      0.005, 
      0.005, 
      0.003, 
      0.003, 
      0.003, 
      0.002, 
      0.002, 
      0.002, 
      0.001, 
      0.001, 
      0.001, 
      0.0005, 
      0.0005, 
      0.0005, 
      0.0003, 
      0.0003, 
      0.0003, 
      0.0002, 
      0.0002, 
      0.0002
    ], 
    "n_up": 14, 
    "time_sym": true, 
    "system": "chem", 
    "eps_vars": [
      0.0001, 
      5e-05, 
      3e-05, 
      2e-05, 
      1e-05, 
      5e-06
    ], 
    "n_dn": 14
  }, 
  "energy_var": {
    "1.00e-03": -2099.7082324130815, 
    "1.00e-05": -2099.8596024858175, 
    "1.00e-04": -2099.800552108361, 
    "3.00e-05": -2099.8319281905847, 
    "2.00e-03": -2099.5290146141488, 
    "5.00e-05": -2099.8183497457417, 
    "5.00e-04": -2099.757920533059, 
    "2.00e-04": -2099.7857938586676, 
    "2.00e-05": -2099.8433443196955, 
    "3.00e-04": -2099.777676193948, 
    "5.00e-06": -2099.870918572474
  }
}