{
  "config": {
    "chem": {
      "irrep_occs_dn": [
        2,
        0,
        0,
        1,
        0,
        1,
        1,
        0,
        1,
        0
      ],
      "irrep_occs_up": [
        2,
        0,
        0,
        1,
        0,
        1,
        1,
        0,
        1,
        0
      ],
      "irreps": [
        1,
        2,
        3,
        4,
        5,
        6,
        7,
        8,
        9,
        10
      ],
      "point_group": "dih"
    },
    "eps_vars": [
      0.0002,
      0.0001,
      5e-05,
      2e-05,
      1.5e-05,
      1e-05
    ],
    "eps_vars_schedule": [
      0.005,
      0.002,
      0.001,
      0.0005
    ],
    "load_integrals_cache": true,
    "n_dn": 6,
    "n_up": 6,
    "system": "chem",
    "target_error": 1e-05,
    "time_sym": true,
    "var_only": false
  },
  "energy_hf": -2097.8670802324627,
  "energy_total": {
    "1.00e-04": {
      "1.00e-10": {
        "uncert": 2.685547811343877e-06,
        "value": -2099.547946172948
      }
    },
    "1.00e-05": {
      "1.00e-11": {
        "uncert": 6.55875094426974e-06,
        "value": -2099.5528729189973
      }
    },
    "1.50e-05": {
      "1.50e-11": {
        "uncert": 4.1737567041748854e-06,
        "value": -2099.552357282679
      }
    },
    "2.00e-04": {
      "2.00e-10": {
        "uncert": 3.7970278999873917e-06,
        "value": -2099.545048159784
      }
    },
    "2.00e-05": {
      "2.00e-11": {
        "uncert": 3.0937624804543326e-06,
        "value": -2099.5519242868722
      }
    },
    "5.00e-05": {
      "5.00e-11": {
        "uncert": 2.342284628464731e-06,
        "value": -2099.5502470915844
      }
    }
  },
  "energy_var": {
    "1.00e-04": -2099.5245185704994,
    "1.00e-05": -2099.5462910195292,
    "1.50e-05": -2099.543728288398,
    "2.00e-04": -2099.51633351129,
    "2.00e-05": -2099.541508580029,
    "5.00e-05": -2099.531793924593
  },
  "n_elecs": 12
}
