{
  "config": {
    "chem": {
      "irrep_occs_dn": [
        2,
        0,
        0,
        1,
        0,
        1,
        1,
        0,
        1,
        0
      ],
      "irrep_occs_up": [
        2,
        0,
        0,
        1,
        0,
        1,
        1,
        0,
        1,
        0
      ],
      "irreps": [
        1,
        2,
        3,
        4,
        5,
        6,
        7,
        8,
        9,
        10
      ],
      "point_group": "dih"
    },
    "eps_vars": [
      0.0002,
      0.0001,
      5e-05,
      2e-05,
      1.5e-05,
      1e-05
    ],
    "eps_vars_schedule": [
      0.005,
      0.002,
      0.001,
      0.0005
    ],
    "load_integrals_cache": true,
    "n_dn": 6,
    "n_up": 6,
    "system": "chem",
    "target_error": 1e-05,
    "time_sym": true,
    "var_only": false
  },
  "energy_hf": -2097.8670802324627,
  "energy_total": {
    "1.00e-04": {
      "1.00e-10": {
        "uncert": 2.723761396376205e-06,
        "value": -2099.5479461341292
      }
    },
    "1.00e-05": {
      "1.00e-11": {
        "uncert": 2.112349869190404e-06,
        "value": -2099.5528770905203
      }
    },
    "1.50e-05": {
      "1.50e-11": {
        "uncert": 1.1709612421346883e-06,
        "value": -2099.5523601207
      }
    },
    "2.00e-04": {
      "2.00e-10": {
        "uncert": 3.5454058044050747e-06,
        "value": -2099.545048149961
      }
    },
    "2.00e-05": {
      "2.00e-11": {
        "uncert": 1.3983627661747821e-06,
        "value": -2099.551924175521
      }
    },
    "5.00e-05": {
      "5.00e-11": {
        "uncert": 2.4022937830939447e-06,
        "value": -2099.5502487632743
      }
    }
  },
  "energy_var": {
    "1.00e-04": -2099.5245186851585,
    "1.00e-05": -2099.5462910982833,
    "1.50e-05": -2099.54372828892,
    "2.00e-04": -2099.516333511303,
    "2.00e-05": -2099.5415083755015,
    "5.00e-05": -2099.531793539183
  },
  "n_elecs": 12
}
