{
  "config": {
    "chem": {
      "irrep_occs_dn": [
        4,
        2,
        1,
        2,
        1,
        2,
        1,
        0,
        1,
        0
      ],
      "irrep_occs_up": [
        4,
        2,
        1,
        2,
        1,
        2,
        1,
        0,
        1,
        0
      ],
      "irreps": [
        1,
        2,
        3,
        4,
        5,
        6,
        7,
        8,
        9,
        10
      ],
      "point_group": "dih"
    },
    "eps_pt": 1e-20,
    "eps_vars": [
      0.0002,
      0.0001,
      5e-05,
      3e-05,
      2e-05,
      1e-05,
      5e-06
    ],
    "eps_vars_schedule": [
      0.005,
      0.005,
      0.005,
      0.005,
      0.005,
      0.003,
      0.003,
      0.003,
      0.003,
      0.003,
      0.002,
      0.002,
      0.002,
      0.002,
      0.002,
      0.001,
      0.001,
      0.001,
      0.001,
      0.001,
      0.001,
      0.001,
      0.0005,
      0.0005,
      0.0005,
      0.0005,
      0.0005,
      0.0005,
      0.0005,
      0.0003,
      0.0003,
      0.0003,
      0.0003,
      0.0003,
      0.0002,
      0.0002,
      0.0002,
      0.0002,
      0.0002
    ],
    "n_dn": 14,
    "n_up": 14,
    "skip_var": true,
    "system": "chem",
    "target_error": 2e-05,
    "time_sym": true
  },
  "energy_hf": -2097.871669560769,
  "energy_total": {
    "1.00e-04": {
      "1.00e-20": {
        "uncert": 4.504672617529806e-06,
        "value": -2099.878030271732
      }
    },
    "1.00e-05": {
      "1.00e-20": {
        "uncert": 1.2829975807238151e-05,
        "value": -2099.8938288449353
      }
    },
    "2.00e-04": {
      "1.00e-20": {
        "uncert": 5.539772618446542e-06,
        "value": -2099.868089944243
      }
    },
    "2.00e-05": {
      "1.00e-20": {
        "uncert": 5.006596618072156e-06,
        "value": -2099.889404302159
      }
    },
    "3.00e-05": {
      "1.00e-20": {
        "uncert": 3.3873730313251917e-06,
        "value": -2099.8865087066993
      }
    },
    "5.00e-05": {
      "1.00e-20": {
        "uncert": 2.968524182977801e-06,
        "value": -2099.882930011427
      }
    },
    "5.00e-06": {
      "1.00e-20": {
        "uncert": 1.963405546416732e-05,
        "value": -2099.8972814472622
      }
    }
  },
  "energy_var": {
    "1.00e-04": -2099.810068593066,
    "1.00e-05": -2099.865064398018,
    "2.00e-04": -2099.7935219065284,
    "2.00e-05": -2099.847745590335,
    "3.00e-05": -2099.8360616805135,
    "5.00e-05": -2099.8227276776333,
    "5.00e-06": -2099.877486990612
  },
  "n_elecs": 28
}
