{
  "config": {
    "chem": {
      "irrep_occs_dn": [
        2,
        0,
        0,
        1,
        0,
        1,
        1,
        0,
        1,
        0
      ],
      "irrep_occs_up": [
        2,
        0,
        0,
        1,
        0,
        1,
        1,
        0,
        1,
        0
      ],
      "irreps": [
        1,
        2,
        3,
        4,
        5,
        6,
        7,
        8,
        9,
        10
      ],
      "point_group": "dih"
    },
    "eps_vars": [
      0.0002,
      0.0001,
      5e-05,
      2e-05,
      1.5e-05,
      1e-05
    ],
    "eps_vars_schedule": [
      0.005,
      0.003,
      0.002,
      0.001,
      0.0005,
      0.0003
    ],
    "load_integrals_cache": true,
    "n_dn": 6,
    "n_up": 6,
    "system": "chem",
    "target_error": 1e-05,
    "time_sym": true,
    "var_only": false
  },
  "energy_hf": -2098.580656515948,
  "energy_total": {
    "1.00e-04": {
      "1.00e-10": {
        "uncert": 3.2593251443480395e-06,
        "value": -2099.4788087312368
      }
    },
    "1.00e-05": {
      "1.00e-11": {
        "uncert": 9.661456719756936e-07,
        "value": -2099.4800196659885
      }
    },
    "1.50e-05": {
      "1.50e-11": {
        "uncert": 1.2794711337144776e-06,
        "value": -2099.4799215633325
      }
    },
    "2.00e-04": {
      "2.00e-10": {
        "uncert": 3.962210408266719e-06,
        "value": -2099.4780638823013
      }
    },
    "2.00e-05": {
      "2.00e-11": {
        "uncert": 1.4186768205403827e-06,
        "value": -2099.4798322281795
      }
    },
    "5.00e-05": {
      "5.00e-11": {
        "uncert": 2.2593574986762725e-06,
        "value": -2099.479378421872
      }
    }
  },
  "energy_var": {
    "1.00e-04": -2099.4640972378907,
    "1.00e-05": -2099.4769990900872,
    "1.50e-05": -2099.475847410296,
    "2.00e-04": -2099.455825955509,
    "2.00e-05": -2099.4748359717655,
    "5.00e-05": -2099.4700589203176
  },
  "n_elecs": 12
}
