{
  "config": {
    "chem": {
      "irrep_occs_dn": [
        2,
        0,
        0,
        1,
        0,
        1,
        1,
        0,
        1,
        0
      ],
      "irrep_occs_up": [
        2,
        0,
        0,
        1,
        0,
        1,
        1,
        0,
        1,
        0
      ],
      "irreps": [
        1,
        2,
        3,
        4,
        5,
        6,
        7,
        8,
        9,
        10
      ],
      "point_group": "dih"
    },
    "eps_vars": [
      0.0002,
      0.0001,
      5e-05,
      2e-05,
      1.5e-05,
      1e-05
    ],
    "eps_vars_schedule": [
      0.005,
      0.002,
      0.001,
      0.0005
    ],
    "load_integrals_cache": true,
    "n_dn": 6,
    "n_up": 6,
    "system": "chem",
    "target_error": 1e-05,
    "time_sym": true,
    "var_only": false
  },
  "energy_hf": -2098.52863440581,
  "energy_total": {
    "1.00e-04": {
      "1.00e-10": {
        "uncert": 3.862533384007242e-06,
        "value": -2099.5449756482585
      }
    },
    "1.00e-05": {
      "1.00e-11": {
        "uncert": 1.1129112710027131e-06,
        "value": -2099.5472180538086
      }
    },
    "1.50e-05": {
      "1.50e-11": {
        "uncert": 1.5082022272185626e-06,
        "value": -2099.547025306038
      }
    },
    "2.00e-04": {
      "2.00e-10": {
        "uncert": 4.804801506402333e-06,
        "value": -2099.5435801039007
      }
    },
    "2.00e-05": {
      "2.00e-11": {
        "uncert": 1.5963233448744567e-06,
        "value": -2099.5468477133327
      }
    },
    "5.00e-05": {
      "5.00e-11": {
        "uncert": 2.7009065132596606e-06,
        "value": -2099.545971035965
      }
    }
  },
  "energy_var": {
    "1.00e-04": -2099.5221594123254,
    "1.00e-05": -2099.5415317330026,
    "1.50e-05": -2099.539636445262,
    "2.00e-04": -2099.510812663861,
    "2.00e-05": -2099.5380103376438,
    "5.00e-05": -2099.530604781745
  },
  "n_elecs": 12
}
