{
  "config": {
    "chem": {
      "irrep_occs_dn": [
        4,
        2,
        1,
        2,
        1,
        2,
        1,
        0,
        1,
        0
      ],
      "irrep_occs_up": [
        4,
        2,
        1,
        2,
        1,
        2,
        1,
        0,
        1,
        0
      ],
      "irreps": [
        1,
        2,
        3,
        4,
        5,
        6,
        7,
        8,
        9,
        10
      ],
      "point_group": "dih"
    },
    "eps_pt": 1e-20,
    "eps_vars": [
      0.0002,
      0.0001,
      5e-05,
      3e-05,
      2e-05,
      1e-05,
      5e-06
    ],
    "eps_vars_schedule": [
      0.005,
      0.005,
      0.005,
      0.005,
      0.005,
      0.003,
      0.003,
      0.003,
      0.003,
      0.003,
      0.002,
      0.002,
      0.002,
      0.002,
      0.002,
      0.001,
      0.001,
      0.001,
      0.001,
      0.001,
      0.001,
      0.001,
      0.0005,
      0.0005,
      0.0005,
      0.0005,
      0.0005,
      0.0005,
      0.0005,
      0.0003,
      0.0003,
      0.0003,
      0.0003,
      0.0003,
      0.0002,
      0.0002,
      0.0002,
      0.0002,
      0.0002
    ],
    "n_dn": 14,
    "n_up": 14,
    "skip_var": true,
    "system": "chem",
    "target_error": 2e-05,
    "time_sym": true
  },
  "energy_hf": -2097.9907194242637,
  "energy_total": {
    "1.00e-04": {
      "1.00e-20": {
        "uncert": 4.170253598333858e-06,
        "value": -2099.8812939180293
      }
    },
    "1.00e-05": {
      "1.00e-20": {
        "uncert": 8.252052883382918e-06,
        "value": -2099.898531549984
      }
    },
    "2.00e-04": {
      "1.00e-20": {
        "uncert": 6.091069397549018e-06,
        "value": -2099.873009450324
      }
    },
    "2.00e-05": {
      "1.00e-20": {
        "uncert": 5.0824806816785544e-06,
        "value": -2099.893989748485
      }
    },
    "3.00e-05": {
      "1.00e-20": {
        "uncert": 2.9639525682379703e-06,
        "value": -2099.8909213385336
      }
    },
    "5.00e-05": {
      "1.00e-20": {
        "uncert": 3.2073168791586164e-06,
        "value": -2099.8870167014466
      }
    },
    "5.00e-06": {
      "1.00e-20": {
        "uncert": 1.5677972441400173e-05,
        "value": -2099.9019772460965
      }
    }
  },
  "energy_var": {
    "1.00e-04": -2099.8100882898166,
    "1.00e-05": -2099.868733998222,
    "2.00e-04": -2099.7949170250854,
    "2.00e-05": -2099.8509924016425,
    "3.00e-05": -2099.8389102501355,
    "5.00e-05": -2099.824615644731,
    "5.00e-06": -2099.8813119551896
  },
  "n_elecs": 28
}
