{
  "config": {
    "chem": {
      "irrep_occs_dn": [
        4,
        2,
        1,
        2,
        1,
        2,
        1,
        0,
        1,
        0
      ],
      "irrep_occs_up": [
        4,
        2,
        1,
        2,
        1,
        2,
        1,
        0,
        1,
        0
      ],
      "irreps": [
        1,
        2,
        3,
        4,
        5,
        6,
        7,
        8,
        9,
        10
      ],
      "point_group": "dih"
    },
    "eps_pt": 1e-20,
    "eps_vars": [
      0.0002,
      0.0001,
      5e-05,
      3e-05,
      2e-05,
      1e-05,
      5e-06
    ],
    "eps_vars_schedule": [
      0.005,
      0.005,
      0.005,
      0.005,
      0.005,
      0.003,
      0.003,
      0.003,
      0.003,
      0.003,
      0.002,
      0.002,
      0.002,
      0.002,
      0.002,
      0.001,
      0.001,
      0.001,
      0.001,
      0.001,
      0.001,
      0.001,
      0.0005,
      0.0005,
      0.0005,
      0.0005,
      0.0005,
      0.0005,
      0.0005,
      0.0003,
      0.0003,
      0.0003,
      0.0003,
      0.0003,
      0.0002,
      0.0002,
      0.0002,
      0.0002,
      0.0002
    ],
    "n_dn": 14,
    "n_up": 14,
    "skip_var": true,
    "system": "chem",
    "target_error": 2e-05,
    "time_sym": true
  },
  "energy_hf": -2098.525357461672,
  "energy_total": {
    "1.00e-04": {
      "1.00e-20": {
        "uncert": 4.895754902146873e-06,
        "value": -2099.9059195743635
      }
    },
    "1.00e-05": {
      "1.00e-20": {
        "uncert": 5.0451692725061106e-06,
        "value": -2099.9167693273407
      }
    },
    "2.00e-04": {
      "1.00e-20": {
        "uncert": 6.115128172797392e-06,
        "value": -2099.90065836756
      }
    },
    "2.00e-05": {
      "1.00e-20": {
        "uncert": 3.265627801583737e-06,
        "value": -2099.9144398815965
      }
    },
    "3.00e-05": {
      "1.00e-20": {
        "uncert": 2.969684405479814e-06,
        "value": -2099.9127173070424
      }
    },
    "5.00e-05": {
      "1.00e-20": {
        "uncert": 3.5684465813681564e-06,
        "value": -2099.9101600583886
      }
    },
    "5.00e-06": {
      "1.00e-20": {
        "uncert": 9.6581671605929e-06,
        "value": -2099.9184550613572
      }
    }
  },
  "energy_var": {
    "1.00e-04": -2099.844993463374,
    "1.00e-05": -2099.8938958860517,
    "2.00e-04": -2099.820514379436,
    "2.00e-05": -2099.8832266642444,
    "3.00e-05": -2099.87557356202,
    "5.00e-05": -2099.8641717695914,
    "5.00e-06": -2099.9019127724646
  },
  "n_elecs": 28
}
