{
  "config": {
    "chem": {
      "irrep_occs_dn": [
        4,
        2,
        1,
        2,
        1,
        2,
        1,
        0,
        1,
        0
      ],
      "irrep_occs_up": [
        4,
        2,
        1,
        2,
        1,
        2,
        1,
        0,
        1,
        0
      ],
      "irreps": [
        1,
        2,
        3,
        4,
        5,
        6,
        7,
        8,
        9,
        10
      ],
      "point_group": "dih"
    },
    "eps_vars": [
      0.0001,
      5e-05,
      3e-05,
      2e-05,
      1e-05,
      5e-06
    ],
    "eps_vars_schedule": [
      0.005,
      0.005,
      0.005,
      0.003,
      0.003,
      0.003,
      0.002,
      0.002,
      0.002,
      0.001,
      0.001,
      0.001,
      0.0005,
      0.0005,
      0.0005,
      0.0003,
      0.0003,
      0.0003,
      0.0002,
      0.0002,
      0.0002
    ],
    "n_dn": 14,
    "n_up": 14,
    "system": "chem",
    "time_sym": true,
    "var_only": false
  },
  "energy_hf": -2098.525330440688,
  "energy_total": {
    "1.00e-04": {
      "1.00e-10": {
        "uncert": 4.875597543987899e-06,
        "value": -2099.9057503527424
      }
    },
    "1.00e-05": {
      "1.00e-11": {
        "uncert": 5.152451049595245e-06,
        "value": -2099.916628017476
      }
    },
    "2.00e-05": {
      "2.00e-11": {
        "uncert": 3.7307844622791606e-06,
        "value": -2099.9142833953024
      }
    },
    "3.00e-05": {
      "3.00e-11": {
        "uncert": 3.101835201626471e-06,
        "value": -2099.9125538017997
      }
    },
    "5.00e-05": {
      "5.00e-11": {
        "uncert": 3.701541189797908e-06,
        "value": -2099.909988765941
      }
    },
    "5.00e-06": {
      "5.00e-12": {
        "uncert": 1.2768356526308444e-05,
        "value": -2099.9182905405733
      }
    }
  },
  "energy_var": {
    "1.00e-04": -2099.8448762729813,
    "1.00e-05": -2099.8937712845645,
    "2.00e-04": -2099.82039104775,
    "2.00e-05": -2099.8831089082955,
    "3.00e-05": -2099.875452831274,
    "5.00e-05": -2099.864057668726,
    "5.00e-06": -2099.901788463017
  },
  "n_elecs": 28
}
