{
  "energy_hf": -2098.52863440581, 
  "energy_var": {
    "1.00e-05": -2099.5415317319403, 
    "1.00e-04": -2099.522159412298, 
    "5.00e-05": -2099.53060475174, 
    "1.50e-05": -2099.539636450639, 
    "2.00e-04": -2099.510812663874, 
    "2.00e-05": -2099.53801034242
  }, 
  "config": {
    "n_dn": 6, 
    "eps_vars_schedule": [
      0.005, 
      0.002, 
      0.001, 
      0.0005
    ], 
    "n_up": 6, 
    "time_sym": true, 
    "system": "chem", 
    "eps_vars": [
      0.0002, 
      0.0001, 
      5e-05, 
      2e-05, 
      1.5e-05, 
      1e-05
    ], 
    "target_error": 1e-05, 
    "load_integrals_cache": true, 
    "chem": {
      "irreps": [
        1, 
        2, 
        3, 
        4, 
        5, 
        6, 
        7, 
        8, 
        9, 
        10
      ], 
      "irrep_occs_dn": [
        2, 
        0, 
        0, 
        1, 
        0, 
        1, 
        1, 
        0, 
        1, 
        0
      ], 
      "point_group": "dih", 
      "irrep_occs_up": [
        2, 
        0, 
        0, 
        1, 
        0, 
        1, 
        1, 
        0, 
        1, 
        0
      ]
    }, 
    "var_only": false
  }, 
  "n_elecs": 12, 
  "energy_total": {
    "extrapolated": {
      "uncert": 0.00010414968255645363, 
      "value": -2099.5479150572314
    }, 
    "1.00e-05": {
      "1.00e-11": {
        "uncert": 2.672952281140402e-06, 
        "value": -2099.547221396398
      }
    }, 
    "1.00e-04": {
      "1.00e-10": {
        "uncert": 3.900838606310662e-06, 
        "value": -2099.5449764113055
      }
    }, 
    "5.00e-05": {
      "5.00e-11": {
        "uncert": 2.7096786591361663e-06, 
        "value": -2099.545970742969
      }
    }, 
    "1.50e-05": {
      "1.50e-11": {
        "uncert": 1.8477254570842387e-06, 
        "value": -2099.547028240505
      }
    }, 
    "2.00e-04": {
      "2.00e-10": {
        "uncert": 4.827245260264715e-06, 
        "value": -2099.543579615801
      }
    }, 
    "2.00e-05": {
      "2.00e-11": {
        "uncert": 1.8816663530538634e-06, 
        "value": -2099.546850518804
      }
    }
  }
}