{
  "config": {
    "chem": {
      "irrep_occs_dn": [
        4,
        2,
        1,
        2,
        1,
        2,
        1,
        0,
        1,
        0
      ],
      "irrep_occs_up": [
        4,
        2,
        1,
        2,
        1,
        2,
        1,
        0,
        1,
        0
      ],
      "irreps": [
        1,
        2,
        3,
        4,
        5,
        6,
        7,
        8,
        9,
        10
      ],
      "point_group": "dih"
    },
    "eps_vars": [
      0.0002,
      0.0001,
      5e-05,
      3e-05,
      2e-05,
      1e-05,
      5e-06
    ],
    "eps_vars_schedule": [
      0.005,
      0.005,
      0.005,
      0.003,
      0.003,
      0.003,
      0.002,
      0.002,
      0.002,
      0.001,
      0.001,
      0.001,
      0.0005,
      0.0005,
      0.0005,
      0.0003,
      0.0003,
      0.0003,
      0.0002,
      0.0002,
      0.0002
    ],
    "n_dn": 14,
    "n_up": 14,
    "system": "chem",
    "time_sym": true
  },
  "energy_hf": -2098.589795495941,
  "energy_total": {
    "1.00e-04": {
      "1.00e-10": {
        "uncert": 5.056677203166973e-06,
        "value": -2099.8822307516566
      }
    },
    "1.00e-05": {
      "1.00e-11": {
        "uncert": 4.610618063139923e-06,
        "value": -2099.889184655414
      }
    },
    "2.00e-04": {
      "2.00e-10": {
        "uncert": 6.3571398187947286e-06,
        "value": -2099.87886639795
      }
    },
    "2.00e-05": {
      "2.00e-11": {
        "uncert": 2.70784364045661e-06,
        "value": -2099.88774638554
      }
    },
    "3.00e-05": {
      "3.00e-11": {
        "uncert": 3.414529158057341e-06,
        "value": -2099.8866816029
      }
    },
    "5.00e-05": {
      "5.00e-11": {
        "uncert": 3.6604104738444e-06,
        "value": -2099.8850235208943
      }
    },
    "5.00e-06": {
      "5.00e-12": {
        "uncert": 9.756025279651171e-06,
        "value": -2099.8901601570624
      }
    }
  },
  "energy_var": {
    "1.00e-04": -2099.825289484712,
    "1.00e-05": -2099.868961287542,
    "2.00e-04": -2099.8020034789542,
    "2.00e-05": -2099.8598744768105,
    "3.00e-05": -2099.8532272895573,
    "5.00e-05": -2099.8430386958644,
    "5.00e-06": -2099.875710271057
  },
  "n_elecs": 28
}
