{
  "config": {
    "chem": {
      "irrep_occs_dn": [
        4,
        2,
        1,
        2,
        1,
        2,
        1,
        0,
        1,
        0
      ],
      "irrep_occs_up": [
        4,
        2,
        1,
        2,
        1,
        2,
        1,
        0,
        1,
        0
      ],
      "irreps": [
        1,
        2,
        3,
        4,
        5,
        6,
        7,
        8,
        9,
        10
      ],
      "point_group": "dih"
    },
    "eps_pt": 1e-20,
    "eps_vars": [
      0.0002,
      0.0001,
      5e-05,
      3e-05,
      2e-05,
      1e-05,
      5e-06
    ],
    "eps_vars_schedule": [
      0.005,
      0.005,
      0.005,
      0.005,
      0.005,
      0.003,
      0.003,
      0.003,
      0.003,
      0.003,
      0.002,
      0.002,
      0.002,
      0.002,
      0.002,
      0.001,
      0.001,
      0.001,
      0.001,
      0.001,
      0.001,
      0.001,
      0.0005,
      0.0005,
      0.0005,
      0.0005,
      0.0005,
      0.0005,
      0.0005,
      0.0003,
      0.0003,
      0.0003,
      0.0003,
      0.0003,
      0.0002,
      0.0002,
      0.0002,
      0.0002,
      0.0002
    ],
    "n_dn": 14,
    "n_up": 14,
    "skip_var": true,
    "system": "chem",
    "target_error": 2e-05,
    "time_sym": true
  },
  "energy_hf": -2098.5648575103446,
  "energy_total": {
    "1.00e-04": {
      "1.00e-20": {
        "uncert": 4.980552167371053e-06,
        "value": -2099.903157801785
      }
    },
    "1.00e-05": {
      "1.00e-20": {
        "uncert": 5.7256906423247455e-06,
        "value": -2099.912333311506
      }
    },
    "2.00e-04": {
      "1.00e-20": {
        "uncert": 6.144891654144452e-06,
        "value": -2099.8987537618045
      }
    },
    "2.00e-05": {
      "1.00e-20": {
        "uncert": 3.7458779824607397e-06,
        "value": -2099.910399762672
      }
    },
    "3.00e-05": {
      "1.00e-20": {
        "uncert": 2.880881851203878e-06,
        "value": -2099.9089644450623
      }
    },
    "5.00e-05": {
      "1.00e-20": {
        "uncert": 3.590526606748853e-06,
        "value": -2099.906795690498
      }
    },
    "5.00e-06": {
      "1.00e-20": {
        "uncert": 4.64291789821428e-06,
        "value": -2099.9137099989675
      }
    }
  },
  "energy_var": {
    "1.00e-04": -2099.8448481513956,
    "1.00e-05": -2099.8910114903783,
    "2.00e-04": -2099.821368668904,
    "2.00e-05": -2099.8811461438895,
    "3.00e-05": -2099.874011128046,
    "5.00e-05": -2099.863261561116,
    "5.00e-06": -2099.8983769451856
  },
  "n_elecs": 28
}
