{
  "config": {
    "chem": {
      "irrep_occs_dn": [
        2,
        0,
        0,
        1,
        0,
        1,
        1,
        0,
        1,
        0
      ],
      "irrep_occs_up": [
        2,
        0,
        0,
        1,
        0,
        1,
        1,
        0,
        1,
        0
      ],
      "irreps": [
        1,
        2,
        3,
        4,
        5,
        6,
        7,
        8,
        9,
        10
      ],
      "point_group": "dih"
    },
    "eps_vars": [
      0.0002,
      0.0001,
      5e-05,
      2e-05,
      1.5e-05,
      1e-05
    ],
    "eps_vars_schedule": [
      0.005,
      0.002,
      0.001,
      0.0005
    ],
    "load_integrals_cache": true,
    "n_dn": 6,
    "n_up": 6,
    "system": "chem",
    "target_error": 1e-05,
    "time_sym": true,
    "var_only": false
  },
  "energy_hf": -2098.5929184744286,
  "energy_total": {
    "1.00e-04": {
      "1.00e-10": {
        "uncert": 3.742769139358564e-06,
        "value": -2099.528098352182
      }
    },
    "1.00e-05": {
      "1.00e-11": {
        "uncert": 3.4235222798683235e-06,
        "value": -2099.529270812369
      }
    },
    "1.50e-05": {
      "1.50e-11": {
        "uncert": 1.8845812089468913e-06,
        "value": -2099.5291771266006
      }
    },
    "2.00e-04": {
      "2.00e-10": {
        "uncert": 4.651777313017287e-06,
        "value": -2099.5273532303718
      }
    },
    "2.00e-05": {
      "2.00e-11": {
        "uncert": 1.7733307926778846e-06,
        "value": -2099.529081779744
      }
    },
    "5.00e-05": {
      "5.00e-11": {
        "uncert": 2.632097589853388e-06,
        "value": -2099.5286311521377
      }
    }
  },
  "energy_var": {
    "1.00e-04": -2099.507358235769,
    "1.00e-05": -2099.5243079826814,
    "1.50e-05": -2099.5226914560344,
    "2.00e-04": -2099.4972270249273,
    "2.00e-05": -2099.521302333994,
    "5.00e-05": -2099.5148775787875
  },
  "n_elecs": 12
}
