{
  "config": {
    "chem": {
      "irrep_occs_dn": [
        2,
        0,
        0,
        1,
        0,
        1,
        1,
        0,
        1,
        0
      ],
      "irrep_occs_up": [
        2,
        0,
        0,
        1,
        0,
        1,
        1,
        0,
        1,
        0
      ],
      "irreps": [
        1,
        2,
        3,
        4,
        5,
        6,
        7,
        8,
        9,
        10
      ],
      "point_group": "dih"
    },
    "eps_vars": [
      0.0002,
      0.0001,
      5e-05,
      2e-05,
      1.5e-05,
      1e-05
    ],
    "eps_vars_schedule": [
      0.005,
      0.002,
      0.001,
      0.0005
    ],
    "load_integrals_cache": true,
    "n_dn": 6,
    "n_up": 6,
    "system": "chem",
    "target_error": 1e-05,
    "time_sym": true,
    "var_only": false
  },
  "energy_hf": -2097.77053758662,
  "energy_total": {
    "1.00e-04": {
      "1.00e-10": {
        "uncert": 2.5459589799619052e-06,
        "value": -2099.5431383159093
      }
    },
    "1.00e-05": {
      "1.00e-11": {
        "uncert": 1.4016381769788438e-06,
        "value": -2099.5481974641707
      }
    },
    "1.50e-05": {
      "1.50e-11": {
        "uncert": 1.3019745006679403e-06,
        "value": -2099.5476612268003
      }
    },
    "2.00e-04": {
      "2.00e-10": {
        "uncert": 3.903466970046229e-06,
        "value": -2099.5403833897285
      }
    },
    "2.00e-05": {
      "2.00e-11": {
        "uncert": 1.3683328648535433e-06,
        "value": -2099.5472265356325
      }
    },
    "5.00e-05": {
      "5.00e-11": {
        "uncert": 2.2567894086284204e-06,
        "value": -2099.545423293663
      }
    }
  },
  "energy_var": {
    "1.00e-04": -2099.52149947564,
    "1.00e-05": -2099.5421360411033,
    "1.50e-05": -2099.53957712812,
    "2.00e-04": -2099.5142307054252,
    "2.00e-05": -2099.5373597079465,
    "5.00e-05": -2099.528368462547
  },
  "n_elecs": 12
}
