{
  "config": {
    "chem": {
      "irrep_occs_dn": [
        2,
        0,
        0,
        1,
        0,
        1,
        1,
        0,
        1,
        0
      ],
      "irrep_occs_up": [
        2,
        0,
        0,
        1,
        0,
        1,
        1,
        0,
        1,
        0
      ],
      "irreps": [
        1,
        2,
        3,
        4,
        5,
        6,
        7,
        8,
        9,
        10
      ],
      "point_group": "dih"
    },
    "eps_vars": [
      0.0002,
      0.0001,
      5e-05,
      2e-05,
      1.5e-05,
      1e-05
    ],
    "eps_vars_schedule": [
      0.005,
      0.002,
      0.001,
      0.0005
    ],
    "load_integrals_cache": true,
    "n_dn": 6,
    "n_up": 6,
    "system": "chem",
    "target_error": 1e-05,
    "time_sym": true,
    "var_only": false
  },
  "energy_hf": -2097.77053758662,
  "energy_total": {
    "1.00e-04": {
      "1.00e-10": {
        "uncert": 2.792285049213837e-06,
        "value": -2099.54313905087
      }
    },
    "1.00e-05": {
      "1.00e-11": {
        "uncert": 4.897900962001225e-06,
        "value": -2099.548189451782
      }
    },
    "1.50e-05": {
      "1.50e-11": {
        "uncert": 3.135216708066528e-06,
        "value": -2099.5476596775975
      }
    },
    "2.00e-04": {
      "2.00e-10": {
        "uncert": 3.37363770703379e-06,
        "value": -2099.54038524237
      }
    },
    "2.00e-05": {
      "2.00e-11": {
        "uncert": 2.7962384907292315e-06,
        "value": -2099.5472280318377
      }
    },
    "5.00e-05": {
      "5.00e-11": {
        "uncert": 2.0897649314485034e-06,
        "value": -2099.5454248446863
      }
    }
  },
  "energy_var": {
    "1.00e-04": -2099.52149947564,
    "1.00e-05": -2099.542136125607,
    "1.50e-05": -2099.5395769749402,
    "2.00e-04": -2099.514230705417,
    "2.00e-05": -2099.537359708317,
    "5.00e-05": -2099.528368462582
  },
  "n_elecs": 12
}
