{
  "config": {
    "chem": {
      "irrep_occs_dn": [
        2,
        0,
        0,
        1,
        0,
        1,
        1,
        0,
        1,
        0
      ],
      "irrep_occs_up": [
        2,
        0,
        0,
        1,
        0,
        1,
        1,
        0,
        1,
        0
      ],
      "irreps": [
        1,
        2,
        3,
        4,
        5,
        6,
        7,
        8,
        9,
        10
      ],
      "point_group": "dih"
    },
    "eps_vars": [
      0.0002,
      0.0001,
      5e-05,
      2e-05,
      1.5e-05,
      1e-05
    ],
    "eps_vars_schedule": [
      0.005,
      0.002,
      0.001,
      0.0005
    ],
    "load_integrals_cache": true,
    "n_dn": 6,
    "n_up": 6,
    "system": "chem",
    "target_error": 1e-05,
    "time_sym": true,
    "var_only": false
  },
  "energy_hf": -2097.984862306311,
  "energy_total": {
    "1.00e-04": {
      "1.00e-10": {
        "uncert": 3.29984067553023e-06,
        "value": -2099.5488291259608
      }
    },
    "1.00e-05": {
      "1.00e-11": {
        "uncert": 4.9988966096362086e-06,
        "value": -2099.554499380575
      }
    },
    "1.50e-05": {
      "1.50e-11": {
        "uncert": 3.7462267323507134e-06,
        "value": -2099.55390888325
      }
    },
    "2.00e-04": {
      "2.00e-10": {
        "uncert": 3.9586525991134884e-06,
        "value": -2099.5456338089425
      }
    },
    "2.00e-05": {
      "2.00e-11": {
        "uncert": 3.6728417829036244e-06,
        "value": -2099.5534154055895
      }
    },
    "5.00e-05": {
      "5.00e-11": {
        "uncert": 2.6482988849595476e-06,
        "value": -2099.551405525509
      }
    }
  },
  "energy_var": {
    "1.00e-04": -2099.524145757914,
    "1.00e-05": -2099.5474568848936,
    "1.50e-05": -2099.5448503840817,
    "2.00e-04": -2099.514863348353,
    "2.00e-05": -2099.54258231691,
    "5.00e-05": -2099.5323540396103
  },
  "n_elecs": 12
}
