{
  "config": {
    "chem": {
      "irrep_occs_dn": [
        4,
        2,
        1,
        2,
        1,
        2,
        1,
        0,
        1,
        0
      ],
      "irrep_occs_up": [
        4,
        2,
        1,
        2,
        1,
        2,
        1,
        0,
        1,
        0
      ],
      "irreps": [
        1,
        2,
        3,
        4,
        5,
        6,
        7,
        8,
        9,
        10
      ],
      "point_group": "dih"
    },
    "eps_vars": [
      0.0001,
      5e-05,
      3e-05,
      2e-05,
      1e-05,
      5e-06
    ],
    "eps_vars_schedule": [
      0.005,
      0.005,
      0.005,
      0.003,
      0.003,
      0.003,
      0.002,
      0.002,
      0.002,
      0.001,
      0.001,
      0.001,
      0.0005,
      0.0005,
      0.0005,
      0.0003,
      0.0003,
      0.0003,
      0.0002,
      0.0002,
      0.0002
    ],
    "n_dn": 14,
    "n_up": 14,
    "system": "chem",
    "time_sym": true
  },
  "energy_hf": -2098.1397721707012,
  "energy_total": {
    "1.00e-04": {
      "1.00e-10": {
        "uncert": 4.013734920383413e-06,
        "value": -2099.878917599696
      }
    },
    "1.00e-05": {
      "1.00e-11": {
        "uncert": 1.0296057206003643e-05,
        "value": -2099.9003411606145
      }
    },
    "2.00e-04": {
      "2.00e-10": {
        "uncert": 5.880170425300193e-06,
        "value": -2099.8708568647135
      }
    },
    "2.00e-05": {
      "2.00e-11": {
        "uncert": 3.450461823409214e-06,
        "value": -2099.895644017757
      }
    },
    "3.00e-05": {
      "3.00e-11": {
        "uncert": 3.787161488365534e-06,
        "value": -2099.892409534076
      }
    },
    "5.00e-05": {
      "5.00e-11": {
        "uncert": 3.3431839054012704e-06,
        "value": -2099.8876887664237
      }
    },
    "5.00e-06": {
      "5.00e-12": {
        "uncert": 9.393906248506819e-06,
        "value": -2099.9038751938797
      }
    }
  },
  "energy_var": {
    "1.00e-03": -2099.6777724091053,
    "1.00e-04": -2099.80490270573,
    "1.00e-05": -2099.8713330437135,
    "2.00e-03": -2099.5697943502037,
    "2.00e-04": -2099.78842260024,
    "2.00e-05": -2099.8545718579394,
    "3.00e-04": -2099.778033493726,
    "3.00e-05": -2099.842769166134,
    "5.00e-04": -2099.7570376658687,
    "5.00e-05": -2099.826754582179,
    "5.00e-06": -2099.8830289611897
  },
  "n_elecs": 28
}
