{
  "config": {
    "chem": {
      "irrep_occs_dn": [
        2,
        0,
        0,
        1,
        0,
        1,
        1,
        0,
        1,
        0
      ],
      "irrep_occs_up": [
        2,
        0,
        0,
        1,
        0,
        1,
        1,
        0,
        1,
        0
      ],
      "irreps": [
        1,
        2,
        3,
        4,
        5,
        6,
        7,
        8,
        9,
        10
      ],
      "point_group": "dih"
    },
    "eps_vars": [
      0.0002,
      0.0001,
      5e-05,
      2e-05,
      1.5e-05,
      1e-05
    ],
    "eps_vars_schedule": [
      0.005,
      0.003,
      0.002,
      0.001,
      0.0005,
      0.0003
    ],
    "load_integrals_cache": true,
    "n_dn": 6,
    "n_up": 6,
    "system": "chem",
    "target_error": 1e-05,
    "time_sym": true,
    "var_only": false
  },
  "energy_hf": -2098.444160747296,
  "energy_total": {
    "1.00e-04": {
      "1.00e-10": {
        "uncert": 3.3476654808965305e-06,
        "value": -2099.5061100314374
      }
    },
    "1.00e-05": {
      "1.00e-11": {
        "uncert": 1.0001817542508523e-06,
        "value": -2099.509335502203
      }
    },
    "1.50e-05": {
      "1.50e-11": {
        "uncert": 1.2418298565080108e-06,
        "value": -2099.5090624277827
      }
    },
    "2.00e-04": {
      "2.00e-10": {
        "uncert": 4.161685474194811e-06,
        "value": -2099.504029690379
      }
    },
    "2.00e-05": {
      "2.00e-11": {
        "uncert": 1.5165166536367517e-06,
        "value": -2099.5088103897037
      }
    },
    "5.00e-05": {
      "5.00e-11": {
        "uncert": 2.5217786032604645e-06,
        "value": -2099.5075650928325
      }
    }
  },
  "energy_var": {
    "1.00e-04": -2099.4885935800235,
    "1.00e-05": -2099.505383973814,
    "1.50e-05": -2099.50379322462,
    "2.00e-04": -2099.4782846758317,
    "2.00e-05": -2099.502403431035,
    "5.00e-05": -2099.4959621596686
  },
  "n_elecs": 12
}
