{
  "config": {
    "chem": {
      "irrep_occs_dn": [
        4,
        2,
        1,
        2,
        1,
        2,
        1,
        0,
        1,
        0
      ],
      "irrep_occs_up": [
        4,
        2,
        1,
        2,
        1,
        2,
        1,
        0,
        1,
        0
      ],
      "irreps": [
        1,
        2,
        3,
        4,
        5,
        6,
        7,
        8,
        9,
        10
      ],
      "point_group": "dih"
    },
    "eps_pt": 1e-20,
    "eps_vars": [
      0.0002,
      0.0001,
      5e-05,
      3e-05,
      2e-05,
      1e-05,
      5e-06
    ],
    "eps_vars_schedule": [
      0.005,
      0.005,
      0.005,
      0.005,
      0.005,
      0.003,
      0.003,
      0.003,
      0.003,
      0.003,
      0.002,
      0.002,
      0.002,
      0.002,
      0.002,
      0.001,
      0.001,
      0.001,
      0.001,
      0.001,
      0.001,
      0.001,
      0.0005,
      0.0005,
      0.0005,
      0.0005,
      0.0005,
      0.0005,
      0.0005,
      0.0003,
      0.0003,
      0.0003,
      0.0003,
      0.0003,
      0.0002,
      0.0002,
      0.0002,
      0.0002,
      0.0002
    ],
    "n_dn": 14,
    "n_up": 14,
    "skip_var": true,
    "system": "chem",
    "target_error": 2e-05,
    "time_sym": true
  },
  "energy_hf": -2098.4529210962883,
  "energy_total": {
    "1.00e-04": {
      "1.00e-20": {
        "uncert": 4.908041682574631e-06,
        "value": -2099.9006611368495
      }
    },
    "1.00e-05": {
      "1.00e-20": {
        "uncert": 8.198498701750899e-06,
        "value": -2099.9143476659283
      }
    },
    "2.00e-04": {
      "1.00e-20": {
        "uncert": 6.2162944974952415e-06,
        "value": -2099.8940867330098
      }
    },
    "2.00e-05": {
      "1.00e-20": {
        "uncert": 4.455520595920569e-06,
        "value": -2099.91130605655
      }
    },
    "3.00e-05": {
      "1.00e-20": {
        "uncert": 2.9841233259511703e-06,
        "value": -2099.909123524684
      }
    },
    "5.00e-05": {
      "1.00e-20": {
        "uncert": 3.610773127866002e-06,
        "value": -2099.905893884482
      }
    },
    "5.00e-06": {
      "1.00e-20": {
        "uncert": 1.3654468931991541e-05,
        "value": -2099.916535547982
      }
    }
  },
  "energy_var": {
    "1.00e-04": -2099.8355577827597,
    "1.00e-05": -2099.889012493857,
    "2.00e-04": -2099.809786604366,
    "2.00e-05": -2099.876979207913,
    "3.00e-05": -2099.8684624841007,
    "5.00e-05": -2099.8559806414432,
    "5.00e-06": -2099.898139297686
  },
  "n_elecs": 28
}
