{
  "config": {
    "chem": {
      "irrep_occs_dn": [
        4,
        2,
        1,
        2,
        1,
        2,
        1,
        0,
        1,
        0
      ],
      "irrep_occs_up": [
        4,
        2,
        1,
        2,
        1,
        2,
        1,
        0,
        1,
        0
      ],
      "irreps": [
        1,
        2,
        3,
        4,
        5,
        6,
        7,
        8,
        9,
        10
      ],
      "point_group": "dih"
    },
    "eps_pt": 1e-20,
    "eps_vars": [
      0.0002,
      0.0001,
      5e-05,
      3e-05,
      2e-05,
      1e-05,
      5e-06
    ],
    "eps_vars_schedule": [
      0.005,
      0.005,
      0.005,
      0.005,
      0.005,
      0.003,
      0.003,
      0.003,
      0.003,
      0.003,
      0.002,
      0.002,
      0.002,
      0.002,
      0.002,
      0.001,
      0.001,
      0.001,
      0.001,
      0.001,
      0.001,
      0.001,
      0.0005,
      0.0005,
      0.0005,
      0.0005,
      0.0005,
      0.0005,
      0.0005,
      0.0003,
      0.0003,
      0.0003,
      0.0003,
      0.0003,
      0.0002,
      0.0002,
      0.0002,
      0.0002,
      0.0002
    ],
    "n_dn": 14,
    "n_up": 14,
    "system": "chem",
    "target_error": 2e-05,
    "time_sym": true
  },
  "energy_hf": -2098.595908824744,
  "energy_total": {
    "1.00e-04": {
      "1.00e-20": {
        "uncert": 4.847882142118335e-06,
        "value": -2099.8817532783687
      }
    },
    "1.00e-05": {
      "1.00e-20": {
        "uncert": 2.8532733884289026e-06,
        "value": -2099.8890900612346
      }
    },
    "2.00e-04": {
      "1.00e-20": {
        "uncert": 6.326612358691135e-06,
        "value": -2099.8781294690443
      }
    },
    "2.00e-05": {
      "1.00e-20": {
        "uncert": 2.948249342777661e-06,
        "value": -2099.887590587975
      }
    },
    "3.00e-05": {
      "1.00e-20": {
        "uncert": 2.8520013420168064e-06,
        "value": -2099.8864601535797
      }
    },
    "5.00e-05": {
      "1.00e-20": {
        "uncert": 3.533012166868415e-06,
        "value": -2099.8847133460054
      }
    },
    "5.00e-06": {
      "1.00e-20": {
        "uncert": 9.26947778924932e-06,
        "value": -2099.8901370372705
      }
    }
  },
  "energy_var": {
    "1.00e-04": -2099.8265603610716,
    "1.00e-05": -2099.869447532279,
    "2.00e-04": -2099.803858382087,
    "2.00e-05": -2099.860459883459,
    "3.00e-05": -2099.8539100933103,
    "5.00e-05": -2099.843882463388,
    "5.00e-06": -2099.87610912178
  },
  "n_elecs": 28
}
