{
  "config": {
    "chem": {
      "irrep_occs_dn": [
        2,
        0,
        0,
        1,
        0,
        1,
        1,
        0,
        1,
        0
      ],
      "irrep_occs_up": [
        2,
        0,
        0,
        1,
        0,
        1,
        1,
        0,
        1,
        0
      ],
      "irreps": [
        1,
        2,
        3,
        4,
        5,
        6,
        7,
        8,
        9,
        10
      ],
      "point_group": "dih"
    },
    "eps_vars": [
      0.0002,
      0.0001,
      5e-05,
      2e-05,
      1.5e-05,
      1e-05
    ],
    "eps_vars_schedule": [
      0.005,
      0.002,
      0.001,
      0.0005
    ],
    "load_integrals_cache": true,
    "n_dn": 6,
    "n_up": 6,
    "system": "chem",
    "target_error": 1e-05,
    "time_sym": true,
    "var_only": false
  },
  "energy_hf": -2097.687989401996,
  "energy_total": {
    "1.00e-04": {
      "1.00e-10": {
        "uncert": 2.4182562813898786e-06,
        "value": -2099.5377820730264
      }
    },
    "1.00e-05": {
      "1.00e-11": {
        "uncert": 5.406072387460175e-06,
        "value": -2099.5425294731695
      }
    },
    "1.50e-05": {
      "1.50e-11": {
        "uncert": 2.5149189616599965e-06,
        "value": -2099.542010646252
      }
    },
    "2.00e-04": {
      "2.00e-10": {
        "uncert": 3.5532769065689785e-06,
        "value": -2099.534264572428
      }
    },
    "2.00e-05": {
      "2.00e-11": {
        "uncert": 2.651203983508539e-06,
        "value": -2099.5415699472032
      }
    },
    "5.00e-05": {
      "5.00e-11": {
        "uncert": 2.0574577518085344e-06,
        "value": -2099.539884762538
      }
    }
  },
  "energy_var": {
    "1.00e-04": -2099.5169617861106,
    "1.00e-05": -2099.5363087871037,
    "1.50e-05": -2099.533708318068,
    "2.00e-04": -2099.5083629521177,
    "2.00e-05": -2099.531420734924,
    "5.00e-05": -2099.5228988465597
  },
  "n_elecs": 12
}
