{
  "config": {
    "chem": {
      "irrep_occs_dn": [
        2,
        0,
        0,
        1,
        0,
        1,
        1,
        0,
        1,
        0
      ],
      "irrep_occs_up": [
        2,
        0,
        0,
        1,
        0,
        1,
        1,
        0,
        1,
        0
      ],
      "irreps": [
        1,
        2,
        3,
        4,
        5,
        6,
        7,
        8,
        9,
        10
      ],
      "point_group": "dih"
    },
    "eps_vars": [
      0.0002,
      0.0001,
      5e-05,
      2e-05,
      1.5e-05,
      1e-05
    ],
    "eps_vars_schedule": [
      0.005,
      0.002,
      0.001,
      0.0005
    ],
    "load_integrals_cache": true,
    "n_dn": 6,
    "n_up": 6,
    "system": "chem",
    "target_error": 1e-05,
    "time_sym": true,
    "var_only": false
  },
  "energy_hf": -2097.687989401996,
  "energy_total": {
    "1.00e-04": {
      "1.00e-10": {
        "uncert": 2.5875749532901495e-06,
        "value": -2099.5377839460375
      }
    },
    "1.00e-05": {
      "1.00e-11": {
        "uncert": 1.0866161772889469e-06,
        "value": -2099.542526973013
      }
    },
    "1.50e-05": {
      "1.50e-11": {
        "uncert": 1.5287648782893477e-06,
        "value": -2099.5420089995864
      }
    },
    "2.00e-04": {
      "2.00e-10": {
        "uncert": 3.4200365846651034e-06,
        "value": -2099.5342670968625
      }
    },
    "2.00e-05": {
      "2.00e-11": {
        "uncert": 1.3310402485945194e-06,
        "value": -2099.541574568154
      }
    },
    "5.00e-05": {
      "5.00e-11": {
        "uncert": 1.9559123580253783e-06,
        "value": -2099.5398852464077
      }
    }
  },
  "energy_var": {
    "1.00e-04": -2099.5169635954003,
    "1.00e-05": -2099.536311306772,
    "1.50e-05": -2099.53370814816,
    "2.00e-04": -2099.5083629519263,
    "2.00e-05": -2099.531420653903,
    "5.00e-05": -2099.522898602438
  },
  "n_elecs": 12
}
