{
  "config": {
    "chem": {
      "irrep_occs_dn": [
        4,
        2,
        1,
        2,
        1,
        2,
        1,
        0,
        1,
        0
      ],
      "irrep_occs_up": [
        4,
        2,
        1,
        2,
        1,
        2,
        1,
        0,
        1,
        0
      ],
      "irreps": [
        1,
        2,
        3,
        4,
        5,
        6,
        7,
        8,
        9,
        10
      ],
      "point_group": "dih"
    },
    "eps_vars": [
      0.00015,
      0.0001,
      6.6e-05,
      4.4e-05,
      3e-05,
      2e-05,
      1.3e-05,
      8.8e-06,
      5.8e-06,
      3.9e-06,
      2.6e-06
    ],
    "eps_vars_schedule": [
      0.005,
      0.005,
      0.005,
      0.003,
      0.003,
      0.003,
      0.002,
      0.002,
      0.002,
      0.001,
      0.001,
      0.001,
      0.0005,
      0.0005,
      0.0005,
      0.0003,
      0.0003,
      0.0003,
      0.0002,
      0.0002,
      0.0002
    ],
    "n_dn": 14,
    "n_up": 14,
    "system": "chem",
    "time_sym": true,
    "var_only": true
  },
  "energy_hf": -2098.1397721707012,
  "energy_var": {
    "1.00e-04": -2099.804944327989,
    "1.30e-05": -2099.865686296386,
    "1.50e-04": -2099.795279177541,
    "2.00e-05": -2099.8546614157985,
    "3.00e-05": -2099.8427404269346,
    "3.90e-06": -2099.886317743768,
    "4.40e-05": -2099.8307098323053,
    "5.80e-06": -2099.8809163972273,
    "6.60e-05": -2099.8176739124283,
    "8.80e-06": -2099.873875624856
  },
  "n_elecs": 28
}
