{
  "config": {
    "chem": {
      "irrep_occs_dn": [
        4,
        2,
        1,
        2,
        1,
        2,
        1,
        0,
        1,
        0
      ],
      "irrep_occs_up": [
        4,
        2,
        1,
        2,
        1,
        2,
        1,
        0,
        1,
        0
      ],
      "irreps": [
        1,
        2,
        3,
        4,
        5,
        6,
        7,
        8,
        9,
        10
      ],
      "point_group": "dih"
    },
    "eps_vars": [
      0.0001,
      5e-05,
      3e-05,
      2e-05,
      1e-05,
      5e-06
    ],
    "eps_vars_schedule": [
      0.005,
      0.005,
      0.005,
      0.003,
      0.003,
      0.003,
      0.002,
      0.002,
      0.002,
      0.001,
      0.001,
      0.001,
      0.0005,
      0.0005,
      0.0005,
      0.0003,
      0.0003,
      0.0003,
      0.0002,
      0.0002,
      0.0002
    ],
    "n_dn": 14,
    "n_up": 14,
    "system": "chem",
    "time_sym": true
  },
  "energy_hf": -2097.994069445881,
  "energy_total": {
    "1.00e-04": {
      "1.00e-10": {
        "uncert": 4.466073919172747e-06,
        "value": -2099.8813645656737
      }
    },
    "1.00e-05": {
      "1.00e-11": {
        "uncert": 1.1621095401753462e-05,
        "value": -2099.898270670672
      }
    },
    "2.00e-04": {
      "2.00e-10": {
        "uncert": 5.702001884762111e-06,
        "value": -2099.873176257903
      }
    },
    "2.00e-05": {
      "2.00e-11": {
        "uncert": 5.197633603922424e-06,
        "value": -2099.893796714002
      }
    },
    "3.00e-05": {
      "3.00e-11": {
        "uncert": 3.1360049776006644e-06,
        "value": -2099.890795297931
      }
    },
    "5.00e-05": {
      "5.00e-11": {
        "uncert": 3.228531170133149e-06,
        "value": -2099.886891030544
      }
    },
    "5.00e-06": {
      "5.00e-12": {
        "uncert": 1.6498722769182595e-05,
        "value": -2099.901692480705
      }
    }
  },
  "energy_var": {
    "1.00e-04": -2099.809786379394,
    "1.00e-05": -2099.867368122159,
    "2.00e-04": -2099.794593093454,
    "2.00e-05": -2099.8494780990072,
    "3.00e-05": -2099.837571786483,
    "5.00e-05": -2099.8235906850064,
    "5.00e-06": -2099.880324768621
  },
  "n_elecs": 28
}
