{
  "config": {
    "chem": {
      "irrep_occs_dn": [
        2,
        0,
        0,
        1,
        0,
        1,
        1,
        0,
        1,
        0
      ],
      "irrep_occs_up": [
        2,
        0,
        0,
        1,
        0,
        1,
        1,
        0,
        1,
        0
      ],
      "irreps": [
        1,
        2,
        3,
        4,
        5,
        6,
        7,
        8,
        9,
        10
      ],
      "point_group": "dih"
    },
    "eps_vars": [
      0.0002,
      0.0001,
      5e-05,
      2e-05,
      1.5e-05,
      1e-05
    ],
    "eps_vars_schedule": [
      0.005,
      0.002,
      0.001,
      0.0005
    ],
    "load_integrals_cache": true,
    "n_dn": 6,
    "n_up": 6,
    "system": "chem",
    "target_error": 1e-05,
    "time_sym": true,
    "var_only": false
  },
  "energy_hf": -2098.450760263966,
  "energy_total": {
    "1.00e-04": {
      "1.00e-10": {
        "uncert": 3.7612391870620672e-06,
        "value": -2099.546033157277
      }
    },
    "1.00e-05": {
      "1.00e-11": {
        "uncert": 3.411194653355205e-06,
        "value": -2099.5498337495446
      }
    },
    "1.50e-05": {
      "1.50e-11": {
        "uncert": 2.1906624227948353e-06,
        "value": -2099.5494786139793
      }
    },
    "2.00e-04": {
      "2.00e-10": {
        "uncert": 4.676598798489835e-06,
        "value": -2099.5438117375083
      }
    },
    "2.00e-05": {
      "2.00e-11": {
        "uncert": 2.0434127791911542e-06,
        "value": -2099.549163202575
      }
    },
    "5.00e-05": {
      "5.00e-11": {
        "uncert": 2.6866157602444366e-06,
        "value": -2099.547697077816
      }
    }
  },
  "energy_var": {
    "1.00e-04": -2099.5221402811067,
    "1.00e-05": -2099.543686558412,
    "1.50e-05": -2099.541515672841,
    "2.00e-04": -2099.509815971612,
    "2.00e-05": -2099.539659921971,
    "5.00e-05": -2099.5313872738384
  },
  "n_elecs": 12
}
