{
  "config": {
    "chem": {
      "irrep_occs_dn": [
        2,
        0,
        0,
        1,
        0,
        1,
        1,
        0,
        1,
        0
      ],
      "irrep_occs_up": [
        2,
        0,
        0,
        1,
        0,
        1,
        1,
        0,
        1,
        0
      ],
      "irreps": [
        1,
        2,
        3,
        4,
        5,
        6,
        7,
        8,
        9,
        10
      ],
      "point_group": "dih"
    },
    "eps_vars": [
      0.0002,
      0.0001,
      5e-05,
      2e-05,
      1.5e-05,
      1e-05
    ],
    "eps_vars_schedule": [
      0.005,
      0.002,
      0.001,
      0.0005
    ],
    "load_integrals_cache": true,
    "n_dn": 6,
    "n_up": 6,
    "system": "chem",
    "target_error": 1e-05,
    "time_sym": true,
    "var_only": false
  },
  "energy_hf": -2098.450760263966,
  "energy_total": {
    "1.00e-04": {
      "1.00e-10": {
        "uncert": 3.641844104653113e-06,
        "value": -2099.546033882887
      }
    },
    "1.00e-05": {
      "1.00e-11": {
        "uncert": 1.1442440035172219e-06,
        "value": -2099.549832060249
      }
    },
    "1.50e-05": {
      "1.50e-11": {
        "uncert": 1.4365002995253382e-06,
        "value": -2099.5494777114964
      }
    },
    "2.00e-04": {
      "2.00e-10": {
        "uncert": 4.4748433193140375e-06,
        "value": -2099.543810905488
      }
    },
    "2.00e-05": {
      "2.00e-11": {
        "uncert": 1.6796240943929872e-06,
        "value": -2099.549162827416
      }
    },
    "5.00e-05": {
      "5.00e-11": {
        "uncert": 2.7493548891936186e-06,
        "value": -2099.547696630195
      }
    }
  },
  "energy_var": {
    "1.00e-04": -2099.5221403207147,
    "1.00e-05": -2099.5436865612187,
    "1.50e-05": -2099.5415156729787,
    "2.00e-04": -2099.5098159715712,
    "2.00e-05": -2099.5396599161263,
    "5.00e-05": -2099.5313873116374
  },
  "n_elecs": 12
}
