{
  "config": {
    "chem": {
      "irrep_occs_dn": [
        4,
        2,
        1,
        2,
        1,
        2,
        1,
        0,
        1,
        0
      ],
      "irrep_occs_up": [
        4,
        2,
        1,
        2,
        1,
        2,
        1,
        0,
        1,
        0
      ],
      "irreps": [
        1,
        2,
        3,
        4,
        5,
        6,
        7,
        8,
        9,
        10
      ],
      "point_group": "dih"
    },
    "eps_vars": [
      0.0001,
      5e-05,
      3e-05,
      2e-05,
      1e-05,
      5e-06
    ],
    "eps_vars_schedule": [
      0.005,
      0.005,
      0.005,
      0.003,
      0.003,
      0.003,
      0.002,
      0.002,
      0.002,
      0.001,
      0.001,
      0.001,
      0.0005,
      0.0005,
      0.0005,
      0.0003,
      0.0003,
      0.0003,
      0.0002,
      0.0002,
      0.0002
    ],
    "n_dn": 14,
    "n_up": 14,
    "system": "chem",
    "time_sym": true
  },
  "energy_hf": -2097.6934701849514,
  "energy_total": {
    "1.00e-04": {
      "1.00e-10": {
        "uncert": 4.968893251522185e-06,
        "value": -2099.86079330981
      }
    },
    "1.00e-05": {
      "1.00e-11": {
        "uncert": 1.640885991078908e-05,
        "value": -2099.87862709829
      }
    },
    "2.00e-04": {
      "2.00e-10": {
        "uncert": 5.238739974088382e-06,
        "value": -2099.846920028717
      }
    },
    "2.00e-05": {
      "2.00e-11": {
        "uncert": 3.898398984905516e-06,
        "value": -2099.8745422741727
      }
    },
    "3.00e-05": {
      "3.00e-11": {
        "uncert": 2.835689327357792e-06,
        "value": -2099.871789760623
      }
    },
    "5.00e-05": {
      "5.00e-11": {
        "uncert": 2.7738884627504353e-06,
        "value": -2099.8684473851854
      }
    },
    "5.00e-06": {
      "5.00e-12": {
        "uncert": 1.4092235711500636e-05,
        "value": -2099.8821945549266
      }
    }
  },
  "energy_var": {
    "1.00e-04": -2099.796496567587,
    "1.00e-05": -2099.852339142366,
    "2.00e-04": -2099.7787268087854,
    "2.00e-05": -2099.836507828317,
    "3.00e-05": -2099.8255666821365,
    "5.00e-05": -2099.8132028635277,
    "5.00e-06": -2099.8636402349175
  },
  "n_elecs": 28
}
